file case ID,date,pet_id,pet,vet,Service,Diagnosis,Diagnosis description,presumptive_diagnosis,Treatment description,recommendations,comments
467702,2019-11-15,312289,IVAN,Raul Tatar,services.basic.deworming,,,,,,
504886,2019-12-18,350263,FIGO,Raul Tatar,services.checkups.general_checkup,,,,,,
517690,2020-01-10,356402,Max,Raul Tatar,services.checkups.general_checkup,,,,,,
518508,2020-01-11,356746,BLACKY,Raul Tatar,services.checkups.general_checkup,,,CALCUL VEZICAL URINAL,,,
524943,2020-01-16,361947,GIASY,Raul Tatar,services.checkups.general_checkup,,,,,,
546344,2020-01-25,390897,Biju,Raul Tatar,services.checkups.general_checkup,peritonita infectioasa felina,,"edem pulmonar,ascita,","I-furosemid -2mg/kg,dexametashone 0.3ml im;oxigenoterapie                               
II-furosemid-1mg/kg,ser fiziologic iv+ringer lactat,pneumoguard 0.5 sc, metacam sc","mentinerea pisicii pe incubator si oxigen,verificarea semnelor vitale",
541800,2020-02-06,389019,ROCKY,Raul Tatar,services.checkups.general_checkup,,,,,,
39850087,2020-04-14,1123607,Zara,Raul Tatar,,,,,,,
604067,2020-04-24,415505,CHICO,Raul Tatar,services.basic.vaccinations,,,,,,
631068,2020-05-22,426717,MISA,Raul Tatar,services.basic.vaccinations,,,,,,
631083,2020-05-22,426717,MISA,Raul Tatar,services.basic.vaccinations,,,,,,
744405,2020-07-03,490597,Tomi,Raul Tatar,services.basic.vaccinations,,,,,,
744429,2020-07-03,490608,Bela,Raul Tatar,services.basic.vaccinations,,,,,,
700956,2020-07-07,472641,Lucky,Raul Tatar,services.checkups.general_checkup,,,,,,
746365,2020-08-04,491420,Fator,Raul Tatar,services.basic.vaccinations,,,,,,
746434,2020-08-05,491441,Sindy,Raul Tatar,services.basic.vaccinations,,,,,,
746447,2020-08-05,491449,Teddy,Raul Tatar,services.basic.vaccinations,,,,,,
852368,2020-09-19,542565,Alfie,Raul Tatar,services.checkups.general_checkup,,,"Cataracta, conjunctivita","Depedin, Betamox",Tratament acasa cu Dexatobrom,
2256514,2021-09-22,1116833,Mache,Raul Tatar,,,,,,,Extirpare canin inferior drept.
1898206,2021-10-07,1016086,Luna,Raul Tatar,,,,,,,Greutate = 6 kg
2040283,2021-10-07,1073546,Bulldog,Raul Tatar,,,,,,,Vaccin anual cu Nobivac DHPPI ( A644E01/07.2023) + Nobivac RL ( A205B02/08.2022).
1917462,2021-10-14,1039405,Lassie,Raul Tatar,,,,,,,"Nobivac DHPPI (A637C01, 03.2023) + RL (A205B02, 08.2022)"
1917880,2021-10-14,1039541,Mickey,Raul Tatar,,,,,,,"Nobivac Tricat Trio (A399C01, 04.2023)"
1921263,2021-10-15,1040586,Flappy,Raul Tatar,,,,,,,Vanguard Plus 7 (503151/ 08.03.2023) + Rabisin (L480777/ 04.03.2023)
1921275,2021-10-15,1039544,Minnie,Raul Tatar,,,,,,,"Ovariohisterectomie ( Domitor x 0.33 ml + Ketamidor x 0.26 ml + Antisedan x 0.16 ml), Synulox x 0.2 ml"
1926370,2021-10-16,1042218,Fifi,Raul Tatar,,Tumora ovariana dreapta,,Piometru,Ovariohisterectomie,,"NLA: Butomidor x 0.1 ml, Propofol x 7 ml"
1926455,2021-10-16,1042244,Spot,Raul Tatar,,,,Pancreatita,,Dieta alimentara,
1957704,2021-10-16,1049136,Ketchup,Raul Tatar,,,,,,,
1957783,2021-10-16,1049472,Elvis,Raul Tatar,,,,,,,"Vaccin anual cu Tricat Trio (A399C01/ 04.2023), Rabisin (L480777/ 04.03.2023). Greutate: 1.3 kg. Deparazitare interna cu Milprazon acasa in 18.10 2021."
1958319,2021-10-16,1051385,Bella,Raul Tatar,,,,,,,"Vaccinare cu Biocan M doza II (475328A, 29.03.2023)"
1926564,2021-10-18,1042244,Spot,Raul Tatar,,,,,,,
1926572,2021-10-18,1042244,Spot,Raul Tatar,,,,,,,
1958407,2021-10-18,1051871,Arthur,Raul Tatar,,,,,,,Vaccin II cu DHP (A141D01/11.2022) + Lepto (A282A01/02.2023). Greutate= 2 kg
1958436,2021-10-18,1051968,Rio,Raul Tatar,,,,,,,Vaccin II cu Nobivac DHP (A141D01/11.2022) + Nobivac Lepto (A282A01/02.2023). Greutate=0.890 kg. Deparazitare interna cu Drontal Puppy.
1958627,2021-10-18,1052791,Minnie,Raul Tatar,,,,,,,"Vaccin I cu Nobivac Parvo-C (A118A08, 07.2023). Greutate=1.9 kg. Deparazitare acasa cu Milprazon in 20.10.2021"
1958744,2021-10-18,1053177,Nasuc,Raul Tatar,,,,,,,Vaccin I cu Nobivac Tricat Trio (A399C01/04.2023). Greutate=2.2 kg. Deparazitare interna cu Milprazon in 20.10.2021.
1958791,2021-10-18,1053272,Ollie,Raul Tatar,,,,,,,Vaccin I cu Nobivac Tricat Trio (A399C01/ 04.2023). Greutate= 2.7 kg. Deparazitare interna cu Milprazon in 20.10.2021.
1958863,2021-10-18,1053465,Patuta,Raul Tatar,,,,,,,Vaccin anual cu Nobivac Tricat Trio (A399C01/ 04.2023) si Rabisin (L480777/04.03.2023). Greutate=2.9 kg. Deparazitare interna acasa cu Milprazon in 19.10.2021.
1958896,2021-10-18,1053480,Teo,Raul Tatar,,,,,,,Vaccinare anuala cu Nobivac DHPPI (A637C01/03.2023) si Nobivac RL ( A205B02/08.2022). Deparazitare interna cu Droncit acasa in 20.10.2021.
1958835,2021-10-20,1053446,Pufi,Raul Tatar,,,,,,,Vaccin anual cu Nobivac DHPPI (A637C01/ 03.2023) si Nobivac RL (A205B02/ 08.2022). Deparazitare interna acasa cu Droncit in 22.10.2021.
1958919,2021-10-20,1053496,Max,Raul Tatar,,,,,,,Vaccin III cu Vanguard Plus 7 (503151/08.03.2023). Greutate = 12.6 kg. Tratament cu  PetPhos Croissance Ca/P 1 tbl./ zi timp de 15 zile.
1958965,2021-10-20,1053509,Sirius,Raul Tatar,,,,,,,Vaccin II cu Nobivac DHP (A141D01/11.2022) + Nobivac Lepto (A282A01/02.2023)
1958993,2021-10-20,1053509,Sirius,Raul Tatar,,,,,,,Vaccin II cu Nobivac DHP (A141D01/11.2022) + Nobivac Lepto (A282A01/02.2023). Greutate =1.3 kg
1959028,2021-10-20,1053541,Lisa,Raul Tatar,,,,,,,Vaccin II cu Nobivac DHP (A141D01/11.2022) + Nobivac Lepto (A282A01/02.2023). Greutate=2 kg
2040205,2021-10-20,1073524,Stlla,Raul Tatar,,,,,,,
1946885,2021-10-21,1045252,Maxi,Raul Tatar,,,,,,,"Vaccin anual: Nobivac Dhppi (A637C01, 03.2023), Nobivac RL ( A205B02, 08.2022). Greutate = 27 kg. Deparazitare interna: 21.10.2021 Droncit x 3 tbl."
1947005,2021-10-21,1045309,Kira,Raul Tatar,,,,,,,"Vaccin 2: Nobivac DHP ( A141D01, 11.2022) + Nobivac Lepto ( A282A01, 02.2023). Greutate= 1.2 kg. Deparazitare interna: 22.10.2021 cu Drontal Puppy."
1959202,2021-10-21,1053587,Tara,Raul Tatar,,,,,,,Vaccin anual cu Nobivac DHPPI (A637C01/03.2023) + Nobivac RL (A205B02/08.2022).
1959265,2021-10-21,1053603,Maya,Raul Tatar,,,,,,,Vaccin anual cu Eurican DHPPi+LR (L482471/17.06.2022).
2040214,2021-10-21,1073524,Stlla,Raul Tatar,,,,,,,Vaccin anual cu Nobivac DHPPI (A644E01/07.2023) + Nobivac RL ( A205B02/08.2022).
1959078,2021-10-23,1053553,Leyla,Raul Tatar,,,,,,,Vaccin Nual cu Nobivac DHPPI (A637C01/03.2023) + Nobivac RL ( A205B02/08.2022). Deparazitare interna acasa cu Droncit.
1959146,2021-10-25,1053567,Cessy,Raul Tatar,,,,,,,Vaccin anual cu Nobivac DHPPI 9A637C01/03.2023) + Nobivac RL ( A205B02/08.2022)
1959311,2021-10-25,1053612,Aky,Raul Tatar,,,,,,,Vaccin anual cu Nobivac DHPPI (A637C01/03.2023) + Nobivac RL (A205B02/08.2022).
1959335,2021-10-25,1053620,Tasha,Raul Tatar,,,,,,,Vaccin anual cu Nobivac DHPPI (A637C01/03.2023) + Nobivac RL ( A205B02/08.2022).
1960553,2021-10-25,1054019,Maya,Raul Tatar,,,,,,,Vaccin anual cu Nobivac DHPPI (A637C01/03.2023) + Nobivac RL (A205B02/ 08.2022).
1960572,2021-10-25,1054023,Hapciu,Raul Tatar,,,,,,,Vaccin anual cu Nobivac DHPPI (A637C01/03.2023) + Nobivac RL (A205B02/08.2022).
2332477,2021-10-25,1144534,Minni,Raul Tatar,,,,,,,Ovariohisterectomie.
1958382,2021-10-26,1051751,Pablo,Raul Tatar,,,,,,,Vaccinare cu Vanguard Plus 7 (503151/08.03.2023). Greutate=9.7 kg
1960452,2021-10-26,1053990,Aky,Raul Tatar,,,,,,,Greutate = 2.2 kg. Deparazitare interna+externa acasa in 28.10.2021 cu Nexgard Spectra.
1960477,2021-10-26,1053998,Tito,Raul Tatar,,,,,,,"Orhidectomie si detartraj. Anestezie: Xylazin+Ketamidor. Greutate 4 kg. Tratament injectabil cu Synulox x 0.2 ml si Onsior x 0.4 ml, continuare acasa cu Kesium 250 mg x 1/4 tbl.x 2/zi timp de 8 zile."
1960760,2021-10-26,1054074,Bella,Raul Tatar,,,,,,,Vaccin anual cu Nobivac DHPPI (A637C01/03.2023) + Nobivac RL (A205B02/08.2022). Greutate= 13.2 kg
1960807,2021-10-26,1054097,Maxi,Raul Tatar,,,,,,,Deparazitare externa cu Bravecto 4.5-10 kg acasa in 28.10/2021. Deparazitare interna cu Droncit acasa. Greutate= 7.5 kg.
1960786,2021-10-27,1054092,Max,Raul Tatar,,,,,,,Deparazitare externa cu Bravecto 20-40 kg acasa in 02.11.2021.
1961882,2021-10-27,1054464,Tomy,Raul Tatar,,,,,,,"Orhidectomie: Domitor x 0.66 ml+Ketamidor x 0.4 ml. Tratament cu Betamox x 0.7 ml, continuare acasa cu Kesium 250 mg x 1/2 tbl. x2/zi, timp de 3 zile. Greutate 6.6 kg."
1962018,2021-10-27,1054503,Rufus,Raul Tatar,,,,,,,"Deparazitare externa cu Bravecto 20-40 kg acasa, deparazitare interna cu Droncit in 29.10.2021."
1962034,2021-10-27,1054509,Carla,Raul Tatar,,,,,,,Deparazitare externa cu Simparica Trio.
1963985,2021-10-28,1055093,Fifi,Raul Tatar,,,,,,,Vaccin anual cu Nobivac Tricat Trio (A399C01/04.2023) + Rabisin (L480777/04.03.2023). Deparazitare interna+externa cu Broadline 2.5-7.5 kg.
1964532,2021-10-28,1055262,Toby,Raul Tatar,,,,,,,"Vaccin anual cu Nobivac DHPPI (A637C01/03.2023)+ Nobivac RL (A205B02/08.2022). Hemoleucograma, Test HW= negativ. Greutate=27 kg. Tratament cu Vetomune x 2cps/zi timp de 10 zile."
1964839,2021-10-28,1055330,Alfi,Raul Tatar,,,,,,,Vaccin anual cu Nobivac DHPPI (A637C01/03.2023) + Nobivac RL (A205B02/08.2022).
1964860,2021-10-28,1055367,Max,Raul Tatar,,,,,,,Vaccin anual cu Nobivac DHPPI (A637C01/03.2023) + Nobivac RL (A205B02/ 08.2022). Deparazitare interna acasa cu Milprazon in 29.10.2021 si deparazitare externa cu Bravecto in 31.10.2021. Greutate=5.5 kg.
1964887,2021-10-28,1055374,Pic,Raul Tatar,,,,,,,Vaccin II cu Vanguard Plus 7 (503151/ 08.03.2023). Deparazitare interna cu Milprazon acasa in 30.10.2021. Greutate = 3.3 kg. Antecedente: Babesioza in urma cu o saptamana.
1967653,2021-10-28,350585,Toby,Raul Tatar,,,,,,,Vaccin anual cu Nobivac DHPPI (A637C01/03.2023) + Nobivac RL ( A205B02/08.2022). Deparaziatre externa+ interna cu Prinocate acasa in 30.10.2021. Greutate=21.1 kg.
1967858,2021-10-28,350587,Max,Raul Tatar,,,,,,,Vaccin anual cu Nobivac DHPPI (A637C01/03.2023) + Nobivac RL ( A205B02/08.2022). Deparazitare externa+ interna cu Prinocate acasa in 30.10.2021. Greutate= 17.7 kg.
1967901,2021-10-29,1056299,Nina,Raul Tatar,,,,,,,Vaccin anual cu Nobivac Tricat Trio (A399C01/04.2023)+ Rabisin (L480777/04.03.2023). Greutate=1.1 kg.
1967993,2021-10-29,1056315,Obama,Raul Tatar,,,,,,,Vaccin anual cu Nobivac Tricat Trio (A399C01/04.2023) + Rabisin (L480777/04.03.2023). Greutate=2.3 kg.
1968015,2021-10-29,1056340,Spike,Raul Tatar,,,,,,,Vaccin anual cu Nobivac DHPPI (A637C01/03.2023)+ Nobivac RL (A205B02/08.2022). Greutate=13.6 kg.
1968174,2021-10-29,1056387,Bella,Raul Tatar,,,,,,,Vaccin anual cu Nobivac DHPPI ( A637C01/03.2023)+Nobivac RL ( A205B02/08.2022). Greutate= 11.5kg.
1968258,2021-10-29,1056411,Mita,Raul Tatar,,,,,,,Deparazitare cu Broadline 2.5-7.5 kg. Greutate=5.2 kg.
1968445,2021-10-29,1056471,Siri,Raul Tatar,,,,,,,
2015396,2021-10-30,1062437,Charlie,Raul Tatar,,,,,,,Vaccin anual cu Nobivac DHPPI (A637C01/03.2023) + Nobivac RL ( A205B02/08.2022).
2015422,2021-10-30,1065391,Suki,Raul Tatar,,,,,,,Vaccin anual cu Nobivac Tricat Trio ( A399C01/04.2023) + Rabisin ( L480777/04.03.2023). Greutate= 3.8 kg.
2015464,2021-10-30,1065399,Tita,Raul Tatar,,,,,,,"Vaccin I cu Nobivac Tricat Trio ( A399C01/04.2023). Rx VD bazin ( fractura multipla bazin, luxatie femur drept). Greutate 2.6 kg."
2040293,2021-10-30,1073546,Bulldog,Raul Tatar,,,,,,,Test Giardia pozitiv. Tratament acasa cu Panacur pulbere timp de 3 zile.Greutate = 4 kg.
2200939,2021-10-30,1100195,Lady,Raul Tatar,,,,,,,Vaccin anual cu Nobivac Tricat Trio (A399C01/03.2023) + Rabisin (L480777/04.2023).
1977285,2021-11-02,1060677,Roa,Raul Tatar,,,,,,,Vaccin III cu Vanguard Plus 7 (503151/08.03.2023). Greutate = 16 kg
2015514,2021-11-02,1065416,Toby,Raul Tatar,,,,,,,Vaccin anual cu Nobivac DHPPI ( A637C01/03.2023) + Nobivac RL ( A205B02/08.2022). Greutate= 6.1kg.
2016129,2021-11-02,1065617,Minnie,Raul Tatar,,,,,,,Vaccin II cu Nobivac DHP (A141D01/11.2022) + Nobivac Lepto ( A282A01/02.2023).
2024152,2021-11-02,1068131,Mitzi,Raul Tatar,,,,,,,Vaccin anual cu Nobivac Tricat Trio (A399C01/04.2023) + Rabisin ( L480777/04.03.2023).
2066382,2021-11-02,1052791,Minnie,Raul Tatar,,,,,,,Vaccin II cu Nobivac DHP ( A141D01/11.2022) + Nobivac Lepto ( A282A01/02.2023).
2006161,2021-11-03,1062415,Paco,Raul Tatar,,,,,,,Vaccin anual cu Nobivac DHPPI (A637C01/03.2023) + Nobivac RL ( A205B02/08.2022).
2016508,2021-11-04,1065746,Pichi,Raul Tatar,,,,,,,Ovariohisterectomie ( Xylazina + Ketamidor + Diazepam). Greutate= 7.6 kg
2016678,2021-11-04,1065791,Simba,Raul Tatar,,,,,,,Vaccin anual cu Nobivac DHPPI (A637C01/03.2023) + Nobivac RL ( A205B02/08.2022).
2016710,2021-11-05,1065799,Maya,Raul Tatar,,,,,,,Vaccin anual cu Nobivac DHPPI ( A637C01/03.2023) + Nobivac RL ( A205B02/08.2022).
2016744,2021-11-05,1065809,Timo,Raul Tatar,,,,,,,Vaccin I cu nobivac Tricat Trio ( A399C01/04.2023). Deparazitare interna cu Milprazon acasa in 06.11 si in 20.11.2021. Greutate=2 kg.
2016944,2021-11-05,1065865,Roxy,Raul Tatar,,,,,,,Gastroenterotomie + extractie corp strain. Greutate 30 kg.
2332483,2021-11-05,1144534,Minni,Raul Tatar,,,,,,,Vaccin cu Vanguard Plus 7. Implant microcip.
2016998,2021-11-06,1065886,Rocco,Raul Tatar,,,,,,,Vaccin III cu Nobivac DHP (A141D01/11.2022) + Nobivac Lepto ( A282A01/02.2023).
2017030,2021-11-08,1065898,Luna,Raul Tatar,,,,,,,Vaccin anual cu Nobivac DHPPI (A637C01/03.2023) + RL ( A205B02/08.2022). Microcipare. Greutate=1.8 kg.
2018620,2021-11-08,1066371,Boby,Raul Tatar,,,,,,,Vaccin anual cu Nobivac DHPPI ( A637C01/03.2023) + Nobivac RL ( A205B02/08.2022).
2018657,2021-11-08,1066387,Bella,Raul Tatar,,,,,,,Deparazitare interna cu Procox. Greutate = 2.2 kg
2018677,2021-11-08,1066394,Lolita,Raul Tatar,,,,,,,Deparazitare interna cu Procox. Greutate= 1.9 kg.
2061073,2021-11-08,1053612,Aky,Raul Tatar,,,,,,,Vaccin cu Nobivac KC ( A114A01/ 05.2022).
2020341,2021-11-09,1066910,Puffy,Raul Tatar,,,,,,,Vaccin anual cu Nobivac DHPPI (A644E01/04.2023) + Nobivac RL ( A205B02/08.2022). Greutate = 5.9 kg.
2020418,2021-11-09,1066930,Loki,Raul Tatar,,,,,,,Vaccin I cu Nobivac Parvo-C ( A118A01/07.2023). Greutate = 1.4 kg.
2021916,2021-11-09,1067401,Adolf,Raul Tatar,,,,,,,Vaccin anual cu Nobivac DHPPI ( A644E01/04.2023) + Nobivac RL ( A205B02/08.2022). Microcipare. Greutate = 16.6 kg.
2024174,2021-11-09,1068135,Roxy,Raul Tatar,,,,,,,Vaccin anual cu Nobivac DHPPI (A644E01/04.2023) + Nobivac RL ( A205B02/08.2022). Greutate = 18.5 kg.
2024201,2021-11-09,1068146,Sasha,Raul Tatar,,,,,,,Vaccin III cu Nobivac DHP (A141D01/11.2022) + Nobivac Lepto ( A282A01/02.2023). Greutate = 3 kg. Tratament anterior cu Panacur pulbere timp de 3 zile. Test Giardia pozitiv.
2224608,2021-11-09,1107569,Mango,Raul Tatar,,,,,,,Vaccin anual cu Nobiva Tricat Trio ( A399C01/03.2023) + Rabisin
2024499,2021-11-10,1068272,Leia,Raul Tatar,,,,,,,Vaccin II cu Nobivac DHP ( A141D01/11.2022) + Nobivac Lepto ( A282A01/02.2023). Greutate = 2 kg.
2024661,2021-11-10,1068325,Mickey,Raul Tatar,,,,,,,Vaccin anual cu Nobivac DHPPI ( A644E01/04.2023) + Nobivac RL ( A205B02/08.2022).Greutate= 7.1 kg.
2024677,2021-11-10,1068330,Jessie,Raul Tatar,,,,,,,Ovariohisterectomie. Detartraj. Analize. Greutate = 3 kg.
2025315,2021-11-10,1068520,Daisy,Raul Tatar,,,,,,,Vaccin I cu Nobivac Parvo-C ( A118A01/07.2023). Greutate = 4.2 kg. Otita dreapta: tratament cu Surolan 10 zile.
2025478,2021-11-10,1068566,Iary,Raul Tatar,,,,,,,Vaccin anual cu Nobivac DHPPI ( A644E01/04.2023) + Nobivac RL ( A205B02/08.2022).
2025503,2021-11-10,1068577,Blue,Raul Tatar,,,,,,,Vaccin III cu Vanguard Plus 7 ( 503151/08.03.2023). Antecedente : Babesioza in urma cu 2 saptamani.
2025538,2021-11-10,1068589,Paco,Raul Tatar,,,,,,,Vaccin anual cu Nobivac DHPPI ( A644E01/04.2023) + Nobivac RL ( A205B02/08.2022).
2332513,2021-11-10,1144544,Athos,Raul Tatar,,,,,,,Vaccin anual cu Nobivac DHPPI ( A644E01/04.2023) + Nobivac RL ( A205B02/08.2022).
2024187,2021-11-11,1068135,Roxy,Raul Tatar,,,,,,,
2025764,2021-11-11,1068646,Max,Raul Tatar,,,,,,,Vaccin III cu Vanguard Plus 7 (503151/08.03.2023). Greutate = 5 kg.
2033963,2021-11-11,1071534,Tobias,Raul Tatar,,,,,,,Vaccin anual cu Nobivac Tricat Trio ( A399C01/04.2023) + Rabisin ( L480777/04.032023). Deparazitare externa cu Bravecto Spot-on. Greutate= 3.3 kg.
2321728,2021-11-11,1140765,Mickey,Raul Tatar,,,,,,,Vaccin anual cu Nobivac DHPPI ( A644E01/04.2023) + Nobivac RL ( A205B02/08.2022).
2034075,2021-11-12,1071567,Kitty,Raul Tatar,,,,,,,Vaccin anual cu Nobivac Tricat Trio ( A399C01/04.2023) + Rabisin (L480777/04.03.2023). Greutate = 2 kg.
2034855,2021-11-12,1071831,Nisa,Raul Tatar,,,,,,,"Ovariohisterectomie + extirpare granulom mamar secundar mastita ( Xylazin + ketamidor). Tratament cu Synulox inj. x 3 zile, Novasul x 2 ml IM x 2 zile, acasa continuare cu Kesium 625 mg x 3/4 tbl. x 2/zi timp de 4 zile. Greutate = 38 kg."
2034960,2021-11-13,1054023,Hapciu,Raul Tatar,,,,,,,Vaccin cu Nobivac KC (A114A01/05.2022).
2034982,2021-11-13,1054019,Maya,Raul Tatar,,,,,,,Vaccin cu Nobivac KC (A114A01/05.2022).
2035007,2021-11-13,1071886,Burtica,Raul Tatar,,,,,,,Vaccin anual cu Nobivac Tricat Trio ( A399C01/04.2023) + Rabisin ( L480777/03.2023).
2035023,2021-11-13,1071893,Smarty,Raul Tatar,,,,,,,Vaccin anual cu Nobivac Tricat Trio ( A399C01/04.2023) + Rabisin (L480777/03.2023).
2035056,2021-11-13,350263,FIGO,Raul Tatar,,,,,,,"Vaccin anual cu Nobivac DHPPI ( A644E01/04.2023) + Nobivac RL ( A205B02/08.2022). Greutate = 2.7 kg. Deparazitare externa acasa in 15.11. cu Bravecto, deparazitare interna in 16.11. cu Dehinel."
2287847,2021-11-13,1123607,Zara,Raul Tatar,,,,,,,Vaccin anual cu Eurican DHPPI +LR ( L482471/17.06.2022).
2289472,2021-11-13,1132695,Bull,Raul Tatar,,,,,,,Vaccin anual cu Nob
2035136,2021-11-15,1071922,Thomas,Raul Tatar,,,,,,,Vaccin I cu Nobivac Tricat Trio ( A399C01/ 04.2023). Greutate = 2.6 kg.
2035157,2021-11-15,1051968,Rio,Raul Tatar,,,,,,,Vaccin anual cu Nobivac DHPPI ( A644E01/04.2023) + Nobivac RL ( A205B02/08.2022). Microcipare. Deparazitare externa acasa in 17.11. cu Simparica Trio. Greutate = 1.3 kg.
2040142,2021-11-15,1073510,Batman,Raul Tatar,,,,,,,"Vaccin I cu Nobivac Tricat Trio ( A399C01/04.2023), deparazitare interna cu Milprazon, se repeta acasa in 29.11.2021. Greutate = 1 kg."
2040235,2021-11-15,1073524,Stlla,Raul Tatar,,,,,,,Eliberare pasaport : ROA1157570. Export Italia.
2040103,2021-11-16,1073502,Max,Raul Tatar,,,,,,,Vaccin anual cu Nobivac DHPPI (A644E01/04.2023) + Nobivac RL ( A205B02/ 08.2022).
2040168,2021-11-16,1073518,Hera,Raul Tatar,,,,,,,Vaccin I cu Nobivac Parvo-C (A118A01/07.2023). Greutate = 1.080 kg.
2054104,2021-11-16,1078041,Rhea,Raul Tatar,,,,,,,Vaccin 1 cu Nobivac Tricat Trio ( A399C01/04.2023). Greutate = 0.9 kg.
2061102,2021-11-17,1083460,Lady,Raul Tatar,,,,,,,Deparazitare externa cu Bravecto 20-40 kg.
2061120,2021-11-17,1083474,Puffy,Raul Tatar,,,,,,,Vaccin 1 cu Nobivac DP ( A184C01/06.2023). Deparazitare interna + Externa cu Simparica Trio in urma cu 2 zile. Greutate = 3.6 kg.
2061146,2021-11-17,1083485,Max,Raul Tatar,,,,,,,Vaccin anual cu Nobivac DHPPI ( A644E01/04.2023) + Nobivac RL ( A205B02/ 08.2022).
2061166,2021-11-17,1083489,Prince,Raul Tatar,,,,,,,Vaccin anual cu Eurican DAPPI + LR ( L482471/17.06.2022).
2061179,2021-11-17,1083492,Pumba,Raul Tatar,,,,,,,Vaccin anual cu Eurican DAPPI + LR ( L482471/17.06.2022).
2061189,2021-11-17,1066930,Loki,Raul Tatar,,,,,,,Deparazitare interna cu Drontal Puppy. Greutate = 1.7 kg.
2064301,2021-11-18,1084356,Rex,Raul Tatar,,,,,,,Vaccin anual cu Nobivac DHPPI ( A644E01/04.2023) + Nobivac RL ( A205B02/08.2022).
2064318,2021-11-19,1068272,Leia,Raul Tatar,,,,,,,Deparazitare interna cu Procox x 1.3 ml.
2066552,2021-11-19,1052791,Minnie,Raul Tatar,,,,,,,Vaccin III cu Vanguard Plus 7 (528528/04.07.2023). Greutate = 3 kg.
2066593,2021-11-19,1066394,Lolita,Raul Tatar,,,,,,,Vaccin I cu Nobivac DP (A189A01/09.2023). Greutate = 2.4 kg. Deparazitare interna cu Dehinel acasa.
2066727,2021-11-19,1066387,Bella,Raul Tatar,,,,,,,Vaccin I cu Nobivac DP ( A189A01/09.2023). Greutate = 2.8 kg. Deparazitare interna acasa cu Dehinel.
2068757,2021-11-19,1099239,Ares,Raul Tatar,,,,,,,Vaccin anual cu Nobivac DHPPI ( A644E01/04.2023) + Nobivac RL ( A205B02/08.2022).
2070801,2021-11-19,1099245,Mini,Raul Tatar,,,,,,,Vaccin anual cu Nobivac Tricat Trio ( A399C01/04.2023) + Rabisin ( L480777/04.03.2023).
2200069,2021-11-19,1099966,Jessy,Raul Tatar,,,,,,,Vac
2200219,2021-11-19,1100009,Mali,Raul Tatar,,,,,,,Vaccin anual cu Nobivac DHPPI ( A644E01/03.2023) + Nobivac RL ( A205B02/08.2022). Deparazitare externa cu Bravecto si interna cu Dehinel acasa.
2210843,2021-11-19,1103626,Hera,Raul Tatar,,,,,,,Extractie uroliti x 2 bucati. Greutate = 9.3 kg.
2332491,2021-11-19,1144534,Minni,Raul Tatar,,,,,,,Vaccin anual cu Nobivac DHPPI ( A644E01/04.2023) + Nobivac RL ( A205B02/08.2022).
2200254,2021-11-20,1100018,Sparky,Raul Tatar,,,,,,,Vaccin anal cu Nobivac DHPPI ( A644E01/03.2023) + Nobivac RL ( A205B02/08.2022).
2200438,2021-11-20,1100060,Puffi,Raul Tatar,,,,,,,Vaccin anual cu Nobivac DHPPI ( A644E01/03.2023) + Nobivac RL ( A205B02/08.2022).
2200467,2021-11-20,1100069,Pufi,Raul Tatar,,,,,,,Vaccin anual cu Nobivac DHPPI ( A644E01/03.2023) + Nobivac RL ( A205B02/08.2022).
2207424,2021-11-20,1065399,Tita,Raul Tatar,,,,,,,Vaccin anual cu Nobivac Tricat Trio ( A399C01/04.2023) + Rabisin ( L480777/04.2023).
2200817,2021-11-22,1100166,Puffy,Raul Tatar,,,,,,,Vaccin II cu Nobivac DHP ( A144B01/04.2023) + Nobivac Lepto ( A282A01/02.2023). Greutate = 2.2 kg.
2200835,2021-11-23,1100173,Batrana,Raul Tatar,,,,,,,Vaccin anual cu Nobivac Tricat Trio ( A399C01/03.2023) + Rabisin (L480777/17.06.2023).
2200852,2021-11-23,1100177,Juni,Raul Tatar,,,,,,,Vaccin anual cu Nobivac Tricat Trio (A399C01/03.2023) + Rabisin (L480777/04.2023).
2200868,2021-11-23,1100183,Margeluta 2,Raul Tatar,,,,,,,Vaccin anual cu Nobivac Tricat Trio ( A399C01/03.2023) + Rabisin ( L480777/04.2023).
2200885,2021-11-23,1100186,Chocolate,Raul Tatar,,,,,,,Nobivac Tricat Trio (A399C01/03.2023) + Rabisin (L480777/04.2023).
2064326,2021-11-24,1068272,Leia,Raul Tatar,,,,,,,Vaccin III cu Vanguarrd Plus 7 (503151/08.03.2023). Greutate 2.4 kg.
2200915,2021-11-24,1100195,Lady,Raul Tatar,,,,,,,Eliberare pasaport.
2224364,2021-11-24,1107484,Tara,Raul Tatar,,,,,,,Vaccin anual cu Nobivac DHPPI (A644E01/04.2023) + Nobivac RL ( A205B02/08.2022).
2239673,2021-11-24,1116765,Fetita,Raul Tatar,,,,,,,Vaccin anual cu Nobivac DHPPI ( A644E01/04.2023) + Nobivac RL ( A205B02/08.2022).
2203052,2021-11-25,1100967,Pisi,Raul Tatar,,,,,,,Vaccin anual cu Nobivac Tricat Trio ( A399C01/03.2023) + Rabisin (L480777/04.2023). Greutate = 2 kg.
2204020,2021-11-25,1101263,Jumpi,Raul Tatar,,,,,,,Vaccin  II cu Biocan M (455328A/01.03.2023). Diagnostic: Microsporum canis. Tratament local cu Triderm.
2224384,2021-11-25,1107492,Zara,Raul Tatar,,,,,,,Vaccin anual cu Nobivac DHPPI (A644E01/04.2023) + Nobivac RL ( A205B02/08.2022).
2025556,2021-11-26,1065399,Tita,Raul Tatar,,,,,,,Ovariohisterectomie. Greutate = 3.2 kg.
2204048,2021-11-26,1101268,Carla,Raul Tatar,,,,,,,Vaccin anual cu Eurican DAPPI + LR ( L482471/17.06.2022). Greutate = 24 kg.
2206170,2021-11-27,1101990,Max,Raul Tatar,,,,,,,Deparazitare int.+ext. cu Nexgard Spectra. Greutate= 16 kg.
2206191,2021-11-27,1101996,Amon,Raul Tatar,,,,,,,Vaccin anual cu Nobivac Tricat Trio (A399C01/04.2023) + Rabisin (L480777/03.2023). Greutate= 1.3 kg.
2206218,2021-11-27,1068146,Sasha,Raul Tatar,,,,,,,Vaccin anual cu Nobivac DHPPI ( A644E01/04.2023) + Nobivac RL ( A205B02/08.2022).
2206240,2021-11-27,1051871,Arthur,Raul Tatar,,,,,,,Vaccin III cu Vanguard Plus 7 ( 528528/04.07.2023). Greutate = 3.4 kg.
2224580,2021-11-27,1107560,Toy,Raul Tatar,,,,,,,Vaccin anual cu Nobivac DHPPI ( A644E01/04.2023) + Nobivac RL ( A205B02/08.2022).
2206307,2021-11-29,1102027,Aky,Raul Tatar,,,,,,,Vaccin anual cu Eurican DAPPI + LR ( L482471/17.06.2022). Deparazitare interna acasa in 01.12.2021 cu Dehinel Plus. Greutate = 10.3 kg.
2206353,2021-11-29,1102033,Max,Raul Tatar,,,,,,,Vaccin anual cu Nobivac DHPPI ( A644E01/04.2023) + Nobivac RL ( A205B02/08.
2206379,2021-11-29,1102040,Puffy,Raul Tatar,,,,,,,
2206398,2021-11-29,1102044,Nolo,Raul Tatar,,,,,,,Vaccin anual cu FeliBio PCH (166127A/19.11.2022) + Rabisin ( L480777/04.03.2023). Deparazitare externa acasa cu Stronghold Plus in 01.12.2021. Greutate = 1.6 kg.
2206410,2021-11-29,1102049,Lord,Raul Tatar,,,,,,,Vaccin anual cu Nobivac DHPPI (A644E01/04.2023) + Nobivac RL ( A205B02/08.2022).
2206431,2021-11-29,1102059,Princess,Raul Tatar,,,,,,,Vaccin anual cu FeliBio PCH (166127A/17.11.2022) + Rabisin (L480777/04.03.2023).
2206449,2021-11-29,1102064,Ginger,Raul Tatar,,,,,,,Vaccin anual cu FeliBio PCH ( 166127A/19.11.2022) + Rabisin ( L480777/04.03.2023).
2206488,2021-11-29,1102205,Soare,Raul Tatar,,,,,,,Vaccin anual cu Nobivac DHPPI ( A644E01/ 04.2023) + Nobivac RL ( A205B02/08.2022).
2207271,2021-11-29,1053541,Lisa,Raul Tatar,,,,,,,Vaccin anual cu Nobivac DHPPI ( A644E01/04.2023) + Nobivac RL ( A205B02/08.2022). Deparazitare acasa cu Dehinel Plus in 30.11.2021 .
2207383,2021-11-29,1102491,Iris,Raul Tatar,,,,,,,Vaccin anual cu Nobivac DHPPI (A644E01/04.2023) + Nobivac RL (A205B02/08.2022).
2207253,2021-11-30,1053509,Sirius,Raul Tatar,,,,,,,Vaccin anual cu Nobivac DHPPI ( A644E01/04.2023) + Nobivac RL ( A205B02/08.2022). Greutate = 2.8 kg.
2210848,2021-12-02,1103626,Hera,Raul Tatar,,,,,,,
2224340,2021-12-02,1100967,Pisi,Raul Tatar,,,,,,,Ovariohisterectomie ( Domitor + Ketamidor + Antisedan). Greutate = 2 kg.
2224433,2021-12-02,1107509,Luna,Raul Tatar,,,,,,,Vaccin cu Vanguard Plus 7 ( 528528/04.07.2023). Greutate = 3.1 kg.
2287437,2021-12-02,1131997,Misty,Raul Tatar,,,,,,,Vaccin antirabic cu Rabisin (L483949/03.2023).
2224644,2021-12-03,1107581,Loki,Raul Tatar,,,,,,,Vaccin anual cu Nobivac DHPPI (A644E01/04.2023) + Nobivac RL ( A205B02/08.2022).
2321760,2021-12-03,1140772,Rex,Raul Tatar,,,,,,,Osteosinteza femur drept
2224721,2021-12-06,1107597,Cindy,Raul Tatar,,,,,,,Vaccin anual cu Nobivac DHPPI (A644E01/04.2023) + Nobiva
2224757,2021-12-06,1107622,Alfie,Raul Tatar,,,,,,,Vaccin II cu Nobivac
2225610,2021-12-06,1073510,Batman,Raul Tatar,,,,,,,Vaccin anual cu FeliBio PCH (166127A/19.11.2022) + Rabisin (L480777/04.03.2023). Deparazitare externa cu Stronghold Plus. Greutate = 1.5 kg.
2224412,2021-12-07,1107492,Zara,Raul Tatar,,,,,,,
2225637,2021-12-07,1107890,Tigri,Raul Tatar,,,,,,,"Vaccin I cu FeliBio PCH ( 166127A/19.11.2022). Deparazitare interna cu Anthelmin Plus, externa cu Stronghold Plus. Greutate = 2.7 kg."
2225704,2021-12-07,1107913,Beti,Raul Tatar,,,,,,,Vaccin anual cu Nobivac DHPPI (A644E01/04.2023) + Nobivac RL ( A205B02/08.2022).
2225866,2021-12-07,1107986,Nala,Raul Tatar,,,,,,,Vaccin anual cu Nobivac DHPPI (A644E01/04.2023) + Nobivac RL ( A205B02/08.2022).
2249057,2021-12-08,491420,Fator,Raul Tatar,,,,,,,Vaccin anual cu Eurican DAPPI + LR ( L482471/17.06.2022). Demodecie: tratament cu Simparica Trio acasa in 10.12.2021.
2251652,2021-12-08,491441,Sindy,Raul Tatar,,,,,,,"Vaccin anual cu Eurican DAPPI+LR (L482471/17.06.2022). Otita bilaterala, greutate = 23 kg. Deparazitare externa cu Bravecto acasa in 10.12.2021 si interna cu Dehinel in 11.12.2021."
2254245,2021-12-09,1116817,Aris,Raul Tatar,,,,,,,"Vaccin I cu FeliBio PCH (166127A/19.11.2022), deparazitare interna cu Milprazon si externa cu Stronghold Plus. Greutate = 1.030 kg."
2256506,2021-12-09,1116833,Mache,Raul Tatar,,,,,,,Vaccin anual cu FeliBio PCH (166127/19.11.2022) + Rabisin (L480777/03.2023).
2256531,2021-12-09,1078041,Rhea,Raul Tatar,,,,,,,Vaccin anual cu FeliBio PCH (166127/19.11.2022) + Rabisin ( L480777/17.06.2022). Raie auriculara : tratament cu Stronghold Plus acasa in 11.12.2021. Greutate= 1.2 kg.
2256570,2021-12-10,1116853,Dior,Raul Tatar,,,,,,,
2281192,2021-12-10,1131623,Kitty,Raul Tatar,,,,,,,Vaccin antirabic cu Rabisin ( L480777/03.2023).
2281231,2021-12-10,1131634,Felix,Raul Tatar,,,,,,,Vaccin antirabic cu Rabisin (L480777/03.2023).
2281421,2021-12-10,1131701,Miky,Raul Tatar,,,,,,,Vaccin antirabic cu Rabisin ( L480777/03.2023).
2281465,2021-12-10,1131712,Fifi,Raul Tatar,,,,,,,Vaccin antirabic cu Rabisin ( L483949/03.2023).
2281489,2021-12-10,1131726,Misu,Raul Tatar,,,,,,,Vaccin antirabic cu Rabisin (L483949/03.2023).
2281508,2021-12-10,1131734,Mimi,Raul Tatar,,,,,,,Vaccin antirabic cu Rabisin ( L483949/03.2023).
2281545,2021-12-10,1131750,Kira,Raul Tatar,,,,,,,Vaccin anual cu Nobivac DHPPI ( A644E01/03.2023) + Nobivac RL ( A205B02/08.2022).
2281577,2021-12-10,1131759,Nero,Raul Tatar,,,,,,,Vaccin anual cu Eurican DHPPI + LR ( L482471/17.06.2022).
2281642,2021-12-10,1131774,Max,Raul Tatar,,,,,,,Vaccin anual cu Eurican DHPPI + LR ( L482471/17.06.2022).
2281679,2021-12-10,1131786,Aky,Raul Tatar,,,,,,,Vaccin anual cu Nobivac DHPPI (A644E01/03.2023)
2281727,2021-12-11,1131803,Bella,Raul Tatar,,,,,,,Vaccin I cu Nobivac Parvo-C (A118A01/07.2023) X 4 bucati. Carnete : B 15502657-60.
2286738,2021-12-11,1131947,Athos,Raul Tatar,,,,,,,Vaccin anual cu Nobivac DHPPI
2287300,2021-12-11,1131957,Blazy,Raul Tatar,,,,,,,Vaccin I cu Nobivac Parvo-C ( A118A01/07.2023). Deparazitare cu Drontal Puppy x 1 ml.
2287327,2021-12-11,1131966,Kira,Raul Tatar,,,,,,,Vaccin anual cu Eurican DHPPI + LR ( L482471/17.06.2022).
2287367,2021-12-11,1131975,Lucky,Raul Tatar,,,,,,,Vaccin anual cu Eurican DHPPI + LR ( L482471/17.06.2022).
2287389,2021-12-11,1131980,Whiskey,Raul Tatar,,,,,,,Vaccin anual cu Eurican DHPPI + LR ( L482471/17.06.2022).
2287415,2021-12-11,1131989,Rita,Raul Tatar,,,,,,,Vaccin anual cu FeliBio PCH (495928/15.09.2023) + Rabisin ( L483949/03.2023).
2266825,2021-12-13,1123607,Zara,Raul Tatar,,Dermatita atopica,,Dermatita alergica,Apoquel 16 mg 1 tbl./zi timp de 14 zile.,,
2287805,2021-12-13,1131997,Misty,Raul Tatar,,,,,,,Eliberare pasaport.
2287825,2021-12-13,1132226,Kely,Raul Tatar,,,,,,,Vaccin anual cu FeliBio PCH ( 495928A/15.09.2023) + Rabisin (L483949/03.2023). Deparazitare cu Milprazon.
2287812,2021-12-14,1131997,Misty,Raul Tatar,,,,,,,Osteosinteza femur drept.
2296668,2021-12-14,1134687,Loky,Raul Tatar,,,,,"Synulox, Buscopan, Catosal, Beformed, Metronidazol, Arnetin, Cerenia. Perfuzii cu ser fiziologic, Duphalyte, Ringer Lactat.",,
2321769,2021-12-14,1140772,Rex,Raul Tatar,,,,,,,Vaccin I cu Nobivac Parvo-C (A118A01/07.2023).
2324871,2021-12-15,1054509,Carla,Raul Tatar,,,,,,,Vaccinare cu Nobivac KC (A114A01/05.2022).
2324901,2021-12-15,1141736,Nanu,Raul Tatar,,,,,,,Vaccin anual cu FeliBio PCH
2325570,2021-12-15,1141993,Zsomi,Raul Tatar,,,,,,,Vaccin anual cu Nobivac DHPPI ( A644E01/04.2023) + Nobivac RL ( A205B02/08.2022).
2325588,2021-12-15,1142000,Lea,Raul Tatar,,,,,,,Vaccin anual cu Nobivac DHPPI ( A644E01/04.2023) + Nobivac RL ( A205B02/08.2022).
2325616,2021-12-15,1142010,Tomy,Raul Tatar,,,,,,,Vaccin anual cu FeliBio PCH (166127A/19.11.2022) + Rabisin ( L483949/03.2023).
2327927,2021-12-15,1142792,Tasha,Raul Tatar,,,,,,,
2335419,2021-12-15,1145536,Maya,Raul Tatar,,,,,,,Va
2281097,2021-12-16,1107509,Luna,Raul Tatar,,,,,,,Vaccin anual cu Nobivac DHPPI ( A644E01/03.2023) + Nobivac RL ( A205B02/08.2022).
2327823,2021-12-16,1142752,Yorkie,Raul Tatar,,,,,,,Vaccin anual cu Nobivac DHPPI ( A644E01/04.2023) + Nobivac
2327834,2021-12-16,1142759,Toto,Raul Tatar,,,,,,,Vaccin anual cu Nobivac DHPPI ( A644E01/04.2023) + Nobivac RL ( A205B02/08.2022).
2332426,2021-12-16,1144514,Rita,Raul Tatar,,,,,,,Vaccin cu Nobivac DHPPI ( A644E01/04.2023) + Nobivac RL ( A205B02/08.2022).
2325643,2021-12-17,1142012,Chappi,Raul Tatar,,,,,,,"Vaccin anual cu Nobivac DHPPI (A644E01/04.2023) + Nobivac RL ( A205B02/08.2022). Greutate= 10.2 kg. Antecedente : Parvoviroza, Babesioza."
2325655,2021-12-17,1066387,Bella,Raul Tatar,,,,,,,Vaccin 3 cu Nobivac DHPPI ( A644E01/04.2023) + Nobivac Lepto ( A458A01/02.2023).Greutate= 4.9 kg.
2325668,2021-12-17,1066394,Lolita,Raul Tatar,,,,,,,Vaccin 3 cu Nobivac DHPPI ( A644E01/04.2023) + Nobivac Lepto ( A458A01/02.2023). Greutate = 4.3 kg.
2325683,2021-12-17,1071922,Thomas,Raul Tatar,,,,,,,Vaccin anual cu FeliBio PCH (166127A/19.11.2022) + Rabisin ( L486949/03.2023). Greutate = 3.6 kg.
2327952,2021-12-17,1142802,Jax,Raul Tatar,,,,,,,Vaccin anual cu Eurican DAPPI + LR ( L482471/17.06.2022).
2327986,2021-12-18,1142809,Lea,Raul Tatar,,,,,,,Vaccin anual cu Nobivac DHPPI ( A644E01/04.2023) + Nobivac RL ( A205B02/08.2022).
2333142,2021-12-18,1144746,Happy,Raul Tatar,,,,,,,Vaccin anual cu Nobivac DHPPI ( A644E01/04.2023) + Nobivac RL ( A205B02/08.2022). Deparazitare externa cu Advantix.
2287864,2021-12-20,1123607,Zara,Raul Tatar,,,,,,,
2328098,2021-12-20,1142841,Maya,Raul Tatar,,,,,,,Vaccin anual cu Eurican DAPPI + LR ( L482471/17.06.2022).
2328112,2021-12-20,1045309,Kira,Raul Tatar,,,,,,,Vaccin 3 cu Nobivac DHP ( A144B01/04.2023) + Nobivac Lepto ( A458A01/02.2023).
2328125,2021-12-20,1045309,Kira,Raul Tatar,,,,,,,"Otita bilaterala, tratament cu Surolan 10 zile. Deparazitare externa cu Nexgard Spectra. Greutate= 2.660 kg."
2328147,2021-12-20,1142852,Bobe,Raul Tatar,,,,,,,Vaccin 1 cu Nobivac Parvo-C (
2328724,2021-12-20,1143061,Venus,Raul Tatar,,,,,,,Deparazitare interna cu Milprazon. Greutate= 3.9 kg.
2328739,2021-12-20,1143143,Atlas,Raul Tatar,,,,,,,Deparazitare interna cu Milprazon. Greutate= 6.5 kg.
2328756,2021-12-20,1143242,Hero,Raul Tatar,,,,,,,Vaccin anual cu Eurican DAPPI + LR ( L482471/17.06.2022).
2328773,2021-12-20,1143345,Alma,Raul Tatar,,,,,,,Vaccin anual cu Eurican DAPPI + LR ( L482471/17.06.2022).
2333166,2021-12-20,1144749,Sky,Raul Tatar,,,,,,,Vaccin anual u Nobivac DHPPI (A644E01/04.2023) + Nobivac RL (A205B02/08.2022).
2331287,2021-12-21,1144130,Ricky,Raul Tatar,,,,,,,Vaccin antirabic cu Rabisin ( L483949/03.2023).
2331336,2021-12-21,1144147,Sunny,Raul Tatar,,,,,,,Vaccin antirabic cu Rabisin ( L483949/03.2023).
2331357,2021-12-21,1144155,Missy,Raul Tatar,,,,,,,Vaccin 1 cu FeliBio PCH ( 166127A/19.11.2022). Greutate= 1.8 kg.
2331424,2021-12-21,1144176,Lola,Raul Tatar,,,,,,,Vaccin anual cu Nobivac DHPPI ( A644E01/04.2023) + Nobivac RL ( A205B02/08.2022).
2331447,2021-12-22,1144184,Miti,Raul Tatar,,,,,,,Vaccin 2 cu Nobivac DHP ( A144B01/04.2023) + Nobivac Lepto ( A458A01/02.2023). Deparazitare externa cu Simparica. Greutate= 1.6 kg.
2331550,2021-12-23,1144214,Printu,Raul Tatar,,,,,,,Vaccin anual cu Eurican DAPPI + LR ( L482471/17.06.2022).
2331775,2021-12-23,1144303,Ares,Raul Tatar,,,,,,,Vaccin anual cu Nobivac DHPPI ( A644E01/04.2023) + Nobivac RL ( A205B02/08.2022).
2331813,2021-12-23,1144317,Aky,Raul Tatar,,,,,,,Vaccin anual cu FeliBio PCH ( 166127A/19.11.2022) + Rabisin ( L483949/03.2023).
2333184,2021-12-23,1144754,Bella,Raul Tatar,,,,,,,Rezectie cap femural drept.
2331846,2021-12-27,1144335,Mini,Raul Tatar,,,,,,,Vaccin anual cu Nobivac DHPPI (A644E01/04.2023) + Nobivac RL ( A205B02/08.2022).
2331869,2021-12-27,1144342,Asy,Raul Tatar,,,,,,,Vaccin anual cu Nobivac DHPPI (A644E01/04.2023) + Nobivac RL ( A205B02/08.2022).
2331888,2021-12-27,1144348,Jessy,Raul Tatar,,,,,,,Vaccin 3 cu Nobivac DHPPI ( A644E01/04.2023) + Nobivac Lepto ( A458A01/02.2023).
2331956,2021-12-27,1051871,Arthur,Raul Tatar,,,,,,,Vaccin anual cu Nobivac DHPPI ( A644E01/04.2023) + Nobivac RL (A205B02/08.2022).
2332030,2021-12-27,1144399,Toby,Raul Tatar,,,,,,,Vaccin 2 cu Nobivac DHP ( A144B01/04.2023) + Nobivac Lepto ( A458A01/02.2023).
2333192,2021-12-27,1144755,Puffy,Raul Tatar,,,,,,,Vaccin anual cu Nobivac DHPPI ( A644E01/04.2023) + Nobivac RL ( A205B02/08.2022).
2333210,2021-12-27,1144766,Pufy,Raul Tatar,,,,,,,Vaccin cu Nobivac DHP (A144B01/04.2023) + Nobivac Lepto ( A458A01/02.2023).
2332046,2021-12-28,1131957,Blazy,Raul Tatar,,,,,,,Vaccin 2 cu Nobivac DHP ( A144B01/04.2023) + Nobivac Lepto ( A458A01/02.2023). Deparazitare interna cu Cestal plus x 1/4 tbl.
2335385,2021-12-28,1145524,Diesel,Raul Tatar,,,,,,,Vaccin anual cu Eurican DAPPI + LR ( L482471/17.06.2022). Greutate = 12 kg.
2332321,2021-12-29,1144475,Jerry,Raul Tatar,,,,,,,Vaccin 3 cu Nobivac DHPPI (A644E01/04.2023) + Nobivac Lepto ( A458A01/02.2023).
2332335,2021-12-29,1144481,Bella,Raul Tatar,,,,,,,Vaccin anual cu Nobivac DHPPI ( A644E01/04.2023) + Nobivac RL ( A205B02/08.2022).
2333215,2021-12-29,1144766,Pufy,Raul Tatar,,,,,,,
2325692,2021-12-30,1071922,Thomas,Raul Tatar,,,,,,,Orhidectomie.
2332347,2021-12-30,1116817,Aris,Raul Tatar,,,,,,,Vaccin anual cu FeliBio PCH ( 166127A/19.11.2022) + Rabisin ( L483949/04.03.2023). Greutate = 1.4 kg.
2332434,2021-12-30,1144514,Rita,Raul Tatar,,,,,,,Vaccin cu Nobivac DHPPI ( A644E01/04.2023) + Nobivac Lepto ( A458A01/02.2023). Implant microcip. Deparazitare externa acasa cu Bravecto peste 2 zile. Greutate= 3 kg.
2333226,2021-12-30,1073518,Hera,Raul Tatar,,,,,,,Vaccin anual cu Nobivac DHPPI ( A644E01/04.2023) + Nobivac RL ( A205B02/08.2022).
2333253,2021-12-30,1144776,Oreo,Raul Tatar,,,,,,,"Deparazitare cu Dehinel Plus. Otita stanga secundara unui papilom auricular, tratament cu Surolan 10 zile. Greutate 30 kg."
2333268,2021-12-30,1144784,Scheila,Raul Tatar,,,,,,,Vaccin anual cu Nobivac DHPPI ( A644E01/04.2023) + Nobivac RL ( A205B02/08.2022).
2334385,2022-01-03,1145152,Max,Raul Tatar,,,,,,,Vaccin anual cu Nobivac DHPPI ( A644E01/04.2023) + Nobivac RL ( A205B02/08.2022).
2554054,2022-01-03,1241719,Mita,Raul Tatar,,,,,,,Vaccin antirabic cu Rabisin ( L483949/04.03.2023). Greutate= 5.4 kg.
2578664,2022-01-03,1252887,Bingo,Raul Tatar,,,,,,,Vaccin anual cu Nobivac DHPPI (A644E01/04.2023) + Nobivac RL ( A205B02/08.2022).
2324881,2022-01-04,1068272,Leia,Raul Tatar,,,,,,,Vaccin anual cu Nobivac DHPPI (A644E01/04.2023) + Nobivac RL ( A205B02/08.2022). Greutate= 3.2 kg.
2331302,2022-01-04,1144130,Ricky,Raul Tatar,,,,,,,"Diagnostic : gingivita, carie dentare molar superior dreapta. Tratament : Stomorgyl 10 x 1/2 tbl./zi x 10 zile, Stomaferine spray x 2 pufuri pe zi."
2334413,2022-01-04,1145162,Negrutu,Raul Tatar,,,,,,,Vaccin 1 cu FeliBio PCH ( 166127A/19.11.2022). Deparazitare interna cu Milprazon.
2334438,2022-01-04,1145175,Bella,Raul Tatar,,,,,,,Vaccin 1 cu Nobivac Parvo-C ( A118A01/07.2023). Deparazitare cu Simparic
2334455,2022-01-04,1145184,Kitty,Raul Tatar,,,,,,,Vaccin 1 cu FeliBio PCH ( 166127A/19.11.2022).
2334515,2022-01-04,1145212,Miky,Raul Tatar,,,,,,,Vaccin anual cu Nobivac DHPPI ( A644E01/04.2023) + Nobivac RL ( A205B02/08.2022).
2334747,2022-01-05,1145310,Bobita,Raul Tatar,,,,,,,Vaccin anual cu Eurican DAPPI + LR ( L482471/17.06.2022). Deparazitare interna cu Cestal plus acasa peste 1 zi. Greutate= 3.5 kg.
2335315,2022-01-05,1142852,Bobe,Raul Tatar,,,,,,,Vaccin 2 cu Nobivac DHP ( A144B01/04.2023) + Nobivac Lepto ( A458A01/02.2023).
2331876,2022-01-06,1144342,Asy,Raul Tatar,,,,,,,
2335340,2022-01-06,1145510,Thor,Raul Tatar,,,,,,,Vaccin anual cu Eurican DAPPI + LR ( L482471/17.06.2022). Greutate= 12.6 kg
2335358,2022-01-06,1145516,Hugo,Raul Tatar,,,,,,,Deparaz
2353082,2022-01-07,1149724,Alma,Raul Tatar,,,,,,,Vaccin 1 cu Primodog ( L487912/03.01.2023). Deparazitare interna cu Cestal Plus. Greutate= 6.5 kg.
2353116,2022-01-07,1149737,Ayan,Raul Tatar,,,,,,,Deparazitare externa cu Bravecto. Interna cu Cestal acasa. Greutate=4.7 kg.
2353141,2022-01-07,1066394,Lolita,Raul Tatar,,,,,,,Vaccin anual cu Nobivac DHPPI ( A644E01/04.2023) + Nobivac RL ( A205B02/08.2022). Deparazitare externa cu Nexgard Spectra acasa peste 2 zile. Greutate= 6 kg.
2353165,2022-01-07,1066387,Bella,Raul Tatar,,,,,,,Vaccin anual cu Nobivac DHPPI ( A644E01/04.2023) + Nobivac RL ( A205B02/08.2022). Deparazitare externa cu Nexgard Spectra acasa peste 2 zile. Greutate = 6.8 kg.
2353192,2022-01-10,1144399,Toby,Raul Tatar,,,,,,,Vaccin 3 cu Nobivac DHPPI ( A644E01/04.2023) + Nobivac Lepto ( A458A01/02.2023). Greutate = 7.7 kg.
2353207,2022-01-10,1149763,Max,Raul Tatar,,,,,,,Vaccin anual cu Nobivac DHPPI ( A644E01/04.2023) + Nobivac RL ( A205B02/08.2022). Deparazitare externa acasa cu Nexgard Spectra.Greutate = 5.5 kg.
2353278,2022-01-10,1149785,Clopotel,Raul Tatar,,,,,,,Vaccin 1 cu FeliBio PCH ( L489888/15.09.2022). Deparazitare externa peste 2 zile cu Stronghold Plus. Raie auriculara. Greutate = 4.6 kg.
2382358,2022-01-10,1228347,Tomy,Raul Tatar,,,,,,,Vaccin 1 cu FeliBio PCH ( 166127A/19.11.2022). Deparazitare externa cu Stronghold Plus acasa. Raie auriculara. Greutate = 4.3 kg
2382378,2022-01-10,1228418,Mimi,Raul Tatar,,,,,,,Vaccin 1 cu FeliBio PCH ( 166127A/19.11.2023). Deparazitare externa cu Stronghold Plus acasa. Raie auriculara. Greutate= 3.5 kg.
2382683,2022-01-10,1228885,Takara,Raul Tatar,,,,,,,Vaccin anual cu Euri
2553544,2022-01-10,1241540,Aska,Raul Tatar,,,,,,,"Vaccin 3 cu Nobivac DHPPI (A644E01/04.2023) + Nobivac Lepto ( A458A01/02.2023). Deparazitare int.+ Ext. cu Nexgard Spectra, acasa, peste 2 zile. Greutate= 10.4 kg."
2578030,2022-01-10,1252661,Rex,Raul Tatar,,,,,,,Vaccin anual cu Nobivac DHPPI (A644E01/04.2023) + Nobivac RL ( A205B02/08.2022).
2553833,2022-01-11,1241671,Narvy,Raul Tatar,,,,,,,Vaccin anual cu Nobivac DHPPI (A644E01/04.2023) + Nobivac RL ( A205B02/08.2022). Deparazitare externa cu Simparica. Greutate= 7 kg.
2568299,2022-01-11,1250701,Gandy-Seth,Raul Tatar,,,,,,,Vaccin anual cu Nobivac DHPPI (A644E01/04.2023) + Nobivac RL ( A205B02/08.2022). Greutate=32 kg.
2553567,2022-01-12,1241551,Macho,Raul Tatar,,,,,,,Vaccin anual cu Purevax RCPCh FeLV ( L489888/15.09.2022) + Rabisin ( L483949/04.03.2023).
2569950,2022-01-12,1250710,Mira,Raul Tatar,,,,,,,Vaccin anual cu Nobivac DHPPI (A644E01/04.2023) + Nobivac RL ( A205B02/08.2022).
2571376,2022-01-13,1145516,Hugo,Raul Tatar,,,,,,,Vaccin anual cu FeliBio PCH ( 166127A/19.11.2022) + Rabisin ( L483949/04.03.2023).
2571394,2022-01-13,1250725,Aisha,Raul Tatar,,,,,,,Vaccin 2 cu Nobivac DHP ( A144B01/04.2023) + Nobivac Lepto ( A458A01/02.2023). Deparazitare interna acasa cu Cestal plus. Greutate= 4.2 kg.
2571426,2022-01-13,1250733,Jamila,Raul Tatar,,,,,,,Vaccin anual cu Nobivac DHPPI ( A644E01/04.2023) + Nobivac RL ( A205B02/08.2022). Deparazitare interna acasa cu Cestal Plus si externa cu Simparica. Greutate= 6.3 kg. Defect genetic: buza de iepure partea stg.
2571452,2022-01-14,1250744,Pitu,Raul Tatar,,,,,,,Vaccin anual cu FeliBio PCH ( 166127A/19.11.2022) + Rabisin ( L483949/04.03.2023). Deparazitare externa cu Stronghold Plus. Greutate= 2.8 kg.
2571471,2022-01-14,1250753,Pitu,Raul Tatar,,,,,,,Vaccin anual cu FeliBio PCH ( 166127A/19.11.2022) + Rabisin ( L483949/04.03.2023). Greutate=3kg.
2572065,2022-01-15,1250923,Zora,Raul Tatar,,,,,,,Vaccin anual cu Nobivac DHPPI (A645C01/04.2023) + Nobivac RL (A205B02/08.2022).
2574462,2022-01-15,1251607,Miu,Raul Tatar,,,,,,,
2574493,2022-01-15,1251617,Louie,Raul Tatar,,,,,,,Vaccin anual cu FeliBio PCH (166127A/19.11.2022) + Rabisin ( L483949/04.03.2023). Deparazitare interna cu Milprazon. Greutate=3.8 kg.
2574526,2022-01-15,1251630,Vittu,Raul Tatar,,,,,,,Vaccin anual cu FeliBio PCH ( 166127A/19.11.2022) + Rabisin ( L483949/04.03.2023). Deparazitare interna cu Milprazon.Greutate= 4.1 kg.
2574536,2022-01-15,1251635,Perkele,Raul Tatar,,,,,,,Vaccin anual cu FeliBio PCH (166127A/19.11.2022) + Rabisin ( L483949/04.03.2023). Deparazitare inter
2574554,2022-01-15,360882,SALLY,Raul Tatar,,,,,,,Vaccin anual cu Eurican DAPPI + LR ( L482471/17.06.2022). Greutate = 21 kg.
2574589,2022-01-17,1251646,Bobita,Raul Tatar,,,,,,,Vaccin anual cu FeliBio PCH (166127A/19.11.2022).
2578052,2022-01-17,1252670,Sasha,Raul Tatar,,,,,,,Vaccin anual cu Nobivac DHPPI (A644E01/04.2023) + Nobivac RL (A205B02/08.2022).
2574735,2022-01-18,1144348,Jessy,Raul Tatar,,,,,,,Vaccin anual cu Nobivac DHPPI (A644E01/04.2023) + Nobivac RL (A205B02/08.2022). Greutate=3.8 kg.
2599591,2022-01-18,1145175,Bella,Raul Tatar,,,,,,,Vaccin 2 cu Nobivac DHP ( A144B01/04.2023) + Nobivac Lepto ( A458A01/02.2023).
2574750,2022-01-19,1251688,Lizy,Raul Tatar,,,,,,,Vaccin 1 cu FeliBio PCH ( 166127A/19.11.2022). Deparazitare interna cu Milprazon.
2578063,2022-01-19,1252676,Tomita,Raul Tatar,,,,,,,Vaccin anual cu FeliBio PCH (166127A/19.11.2022) + Rabisin ( L483949/04.03.2023). Deparazitare interna cu milprazon. Greutate = 5.9 kg.
2701337,2022-01-19,1270322,Ringo,Raul Tatar,,,,,,,Vaccin 1 cu Nobivac Parvo-C (A118A01/07.2023).
2578090,2022-01-20,1142852,Bobe,Raul Tatar,,,,,,,Vaccin 3 cu Nobivac DHPPI (A645C01/04.2023) + Nobivac Lepto ( A282A01/02.2023).
2581956,2022-01-21,1253886,Mia,Raul Tatar,,,,,,,Vaccin 1 cu Nobivac Parvo-C (A118A01/07.2023). Deparazitare cu Nexgard Spectra. Greutate= 2 kg.
2578604,2022-01-22,1144184,Miti,Raul Tatar,,,,,,,Vaccin 3 cu Nobivac DHPPI (A644E01/04.2023) + Nobivac Lepto ( A458A01/02.2023). Greutate= 2.1 kg.
2578687,2022-01-22,1149724,Alma,Raul Tatar,,,,,,,Vaccin 2 cu Nobivac DHP (A144B01/04.2023) + Nobivac Lepto ( A458A01/02.2023). Greutate= 7.5 kg.
2598053,2022-01-22,1258827,Candy,Raul Tatar,,,,,,,Vaccin anual cu Nobivac DHPPI (A644E01/04.2023) + Nobivac RL ( A205B02/08.2022).
2578706,2022-01-25,1144399,Toby,Raul Tatar,,,,,,,Vaccin anual cu Nobivac DHPPI (A644E01/04.2023) + Nobivac RL ( A205B02/08.2022). Greutate = 10 kg.
2578721,2022-01-25,1252906,Arco,Raul Tatar,,,,,,,Vaccin anual cu Nobivac DHPPI (A644E01/04.2023) + Nobivac Lepto ( A458A01/02.2023).
2578747,2022-01-27,1252912,Sara,Raul Tatar,,,,,,,Vaccin 1 cu Nobivac Parvo-C (A118A01/07.2023). Greutate= 0.930 kg.
2599614,2022-01-27,1259266,Backy,Raul Tatar,,,,,,,"Vaccin 1 cu Nobivac Parvo-C ( A118A01/07.2023), deparazitare acasa cu Drontal Puppy."
2578758,2022-01-28,1016086,Luna,Raul Tatar,,,,,,,Vaccin anual cu Nobivac DHPPI (A644E01/04.2023) + Nobivac RL ( A205B02/08.2022).
2578785,2022-01-28,1252927,Ciufi,Raul Tatar,,,,,,,Vaccin anual cu Nobivac DHPPI ( A644E01/04.2023) + Nobivac RL ( A205B02/08.2022).
2552988,2022-01-29,1131957,Blazy,Raul Tatar,,,,,,,
2578801,2022-01-29,1252933,Mayu,Raul Tatar,,,,,,,Vaccin anual cu FeliBio PCH (166127A/19.11.2022) + Rabisin ( L483949/04.03.2023). Deparazitare interna cu Milprazon. Greutate=  3.5 kg.
2578821,2022-01-29,1252940,Thomas,Raul Tatar,,,,,,,Vaccin anual cu Nobivac Tricat Trio ( A 412B01/04.2024) + Rabisin ( L483949/04.03.2023).
2701398,2022-01-29,1270343,Orso,Raul Tatar,,,,,,,Vaccin antirabic cu Nobivac Rabies ( A554B01/09.2024).
2701432,2022-01-29,1270349,Miky,Raul Tatar,,,,,,,Vaccin anual cu Nobivac DHPPI ( A644E01/04.2023) + Nobivac RL ( A205B02/08.2022).
2552980,2022-01-31,1131957,Blazy,Raul Tatar,,,,,,,Vaccin anual cu Nobivac DHPPI ( A644E01/04.2023) + Nobivac RL ( A205B02/08.2022).
2580613,2022-01-31,1253506,Blacky,Raul Tatar,,,,,,,"Vaccin anual cu Nobivac DHPPI (A644E01/04.2023) + Nobivac RL ( A205B02/08.2022). Diagnosticat cu dirofilarioza cardiaca in 09.2020, sub tratament cu Nexgard Spectra. Cataracta bilaterala, tratament"
2580736,2022-01-31,1253538,Maxi,Raul Tatar,,,,,,,Vaccin 3 cu Nobivac DHPPI (A645C01/04.2023) + Nobivac Lepto ( A282A01/02.2023). Deparazitare cu Nexgard Spectra. Tratament cu Surolan. Greutate= 3.9 kg.
2580776,2022-01-31,1228418,Mimi,Raul Tatar,,,,,,,Vaccin anual cu FeliBio PCH ( 166127A/19.11.2022) + Rabisin ( L483949/04.03.2023).
2580801,2022-01-31,1228347,Tomy,Raul Tatar,,,,,,,Vaccin anual cu FeliBio PCH ( 166127A/19.11.2022) + Rabisin (L483949/04.03.2023).
2580813,2022-01-31,1149785,Clopotel,Raul Tatar,,,,,,,Vaccin anual cu FeliBio PCH (166127A/19.11.2022) + Rabisin (L483949/04.03.2023).
2580842,2022-01-31,1253569,Cherry,Raul Tatar,,,,,,,Vaccin anual cu Nobivac DHPPI (A644E01/04.03.2023) + Nobivac RL ( A205B02/08.2022).
2580856,2022-01-31,1250725,Aisha,Raul Tatar,,,,,,,Vaccin 3 cu Nobivac DHPPI (A644E01/04.03.2023) + Nobivac Lepto ( A458A01/02.2023). Greutate = 5.7 kg.
2599668,2022-02-01,1259278,Berny,Raul Tatar,,,,,,,Vaccin anual cu Nobivac DHPPI (A644E01/04.2023) + Nobivac RL ( A205B02/08.2022).
2599738,2022-02-01,1259294,Leia,Raul Tatar,,,,,,,Vaccin anual cu Eurican DAPPI + LR (L491822/24.03.2023).
2599761,2022-02-01,1259304,Maya,Raul Tatar,,,,,,,Vaccin anual cu Eurican DAPPI + LR ( L491822/24.03.2023). Greutate= 5.4 kg.
2600178,2022-02-01,1259413,Kitty,Raul Tatar,,,,,,,Vaccin anual cu FeliBio PCH (166127A/19.11.2022) + Rabisin ( L483949/04.03.2023).
2600199,2022-02-02,1259423,Yorkie,Raul Tatar,,,,,,,Vaccin 1 cu Nobivac Parvo-C ( A118A01/07.2023). Greutate=0.825 kg.
2600296,2022-02-02,1259447,Levi,Raul Tatar,,,,,,,Vaccin 3 cu Nobivac DHPPI ( A644E01/04.2023) + Nobivac Lepto ( A282A01/03.2023). Greutate= 16 kg.
2600335,2022-02-02,1259462,Mati,Raul Tatar,,,,,,,Vaccin anual cu Nobivac DHPPI ( A644E01/04.2023) + Nobivac RL ( A205B02/08.2022). Deparazitare interna
2600393,2022-02-02,1259462,Mati,Raul Tatar,,,,,,,"Vaccin anual cu Nobivac DHPPI ( A644E01/04.2023) + Nobivac RL ( A205B02/08.2022). Deparazitare interna cu Cestal Plus, deparazitare externa cu Bravecto."
2606860,2022-02-02,1261312,Loup,Raul Tatar,,,,,,,Vaccin anual cu Nobivac DHPPI ( A644E01/04.2023) + Nobivac RL ( A205B02/08.2022).
2609903,2022-02-02,1262277,Nero,Raul Tatar,,,,,,,Vaccin anual cu Nobivac DHPPI ( A644E01/04.2023) + Nobivac RL ( A205B02/08.2022).
2609927,2022-02-02,1262286,Alma,Raul Tatar,,,,,,,Vaccin anual cu Nobivac DHPPI ( A644E01/04.2023) + Nobivac RL ( A205B02/08.2022).
2578695,2022-02-03,1144399,Toby,Raul Tatar,,,,,,,
2610072,2022-02-03,1262332,Issue,Raul Tatar,,,,,,,Vaccin 2 cu Nobivac DHP ( A144B01/04.2023) + Nobivac Lepto ( A458A01/02.2023). Greutate = 3.5 kg.
2701359,2022-02-03,1270322,Ringo,Raul Tatar,,,,,,,Vaccin 2 cu Nobivac DHP ( A144B01/04.2023) + Nobivac Lepto ( A458A01/02.2023). Deparazitare interna cu Drontal acasa. Greutate= 8 kg.
2580834,2022-02-04,1149785,Clopotel,Raul Tatar,,,,,,,
2581971,2022-02-04,1253886,Mia,Raul Tatar,,,,,,,Vaccin 2 cu Nobivac DHP ( A144B01/04.2023) + Nobivac Lepto ( A458A01/02.2023). Deparazitare interna cu Cestal Plus acasa in 05.02.22. Greutate=2.5 kg.
2611525,2022-02-04,1262346,Tazzi,Raul Tatar,,,,,,,Vaccin anual cu Eurican DAPPI + LR ( L491822/24.03.2023).
2683637,2022-02-04,1264224,Miti,Raul Tatar,,,,,,,Vaccin 1 cu Nobivac Tricat Trio ( A412B01/04.2024).
2683715,2022-02-05,1264248,Iris,Raul Tatar,,,,,,,Vaccin anual cu Nobivac Tricat Trio ( A412B01/04.2024) + Nobivac Rabies ( A554B01/09.2024).
2701505,2022-02-05,1270366,Newt,Raul Tatar,,,,,,,Vaccin anual cu Eurican DAPPI + LR ( L491822/24.03.2023). Greutate = 28.5 kg.
2701567,2022-02-05,1270386,Benji,Raul Tatar,,,,,,,Vaccin anual cu Nobivac DHPPI (A644E01/04.2023) + Nobivac RL ( A205B02/08.2022).
2703489,2022-02-05,389019,ROCKY,Raul Tatar,,,,,,,Vaccin anual cu Nobivac DHPPI ( A644E01/04.2023) + Nobivac RL ( A205B02/08.2022).
2704486,2022-02-05,1271507,Amstaff 1,Raul Tatar,,,,,,,Vaccin 1 cu Nobivac Parvo-C ( A118A01/07.2023).
2704506,2022-02-05,1271511,Amstaff 2,Raul Tatar,,,,,,,Vaccin 1 cu Nobivac Parvo-C ( A118A01/07.2023).
2704570,2022-02-05,1271530,Maya,Raul Tatar,,,,,,,Vaccin anual cu Nobivac DHPPI (A644E01/04.2023) + Nobivac RL ( A205B02/08.2022).
2704615,2022-02-05,1271536,Bijou,Raul Tatar,,,,,,,Vaccin anual cu Nobivac DHPPI (A644E01/04.2023) + Nobivac RL ( A205B02/08.2022).
2704631,2022-02-07,1271545,Puffy,Raul Tatar,,,,,,,Vaccin 3 cu Nobivac DHPPI (A644E01/04.2023) + Nobivac Lepto ( A458A01/02.2023). Deparazitare cu Procox. Greutate= 1.5 kg.
2704669,2022-02-07,1271553,Puppy,Raul Tatar,,,,,,,Vaccin anual cu Eurican DAPPI + LR ( L491822/24.03.2023).
2712313,2022-02-07,362735,Dara,Raul Tatar,,,,,,,Vaccin anual cu Nobivac DHPPI ( A644E01/04.2023) + Nobivac RL ( A205B02/08.2022). Greutate= 30.6 kg.
2719974,2022-02-08,1274238,Sayross,Raul Tatar,,,,,,,
2599598,2022-02-09,1145175,Bella,Raul Tatar,,,,,,,Vaccin 3 cu Nobivac DHPPI (A644E01/04.2023) + Nobivac Lepto ( A458A01/02.2023). Greutate= 5.4 kg.
2720013,2022-02-09,1251688,Lizy,Raul Tatar,,,,,,,Vaccin anual cu FeliBio PCH ( 166127A/19.11.2022) + Rabisin ( L483949/04.03.2023).
2720115,2022-02-09,1274267,Demon Amun,Raul Tatar,,,,,,,Vaccin anual cu Nobivac DHPPI ( A644E01/04.2023) + Nobivac RL (A205B02/08.2022).
2599621,2022-02-10,1259266,Backy,Raul Tatar,,,,,,,Vaccin 2 cu Nobivac DHP ( A144B01/04.2023) + Nobivac Lepto ( A458A01/02.2023). Deparazitare interna acasa cu Drontal Puppy. Greutate=2.050 kg.
2720134,2022-02-10,1274272,Bella,Raul Tatar,,,,,,,Vaccin 1 cu Nobivac Parvo-C ( A118A01/07.2023). Greutate= 2.5 kg.
2741447,2022-02-10,1282653,Kyra,Raul Tatar,,,,,,,Vaccin anual cu Nobivac DHPPI (A644E01/04.2023) + Nobivac RL ( A205B02/08.2022).
2742646,2022-02-10,1286121,Clara,Raul Tatar,,,,,,,Vaccin anual cu Nobivac DHPPI (A644E01/04.2023) + Nobivac RL ( A205B02/08.2022).
2719987,2022-02-14,1274238,Sayross,Raul Tatar,,,,,,,Vaccin 2 cu Nobivac DHP ( A144B01/04.2023) + Nobivac Lepto ( A283A01/03.2023). Deparazitare acasa cu Cestal Plus. Greutate= 3.2 kg.
2720164,2022-02-14,1274280,Buster,Raul Tatar,,,,,,,Vaccin 3 cu Nobivac DHPPI ( A644E01/04.2023) + Nobivac Lepto ( A458A01/02.2023). Greutate= 1.6 kg.
2720219,2022-02-14,1274295,Boy,Raul Tatar,,,,,,,Vaccin 3 cu Nobivac DHPPI ( A644E01/04.2023) + Nobivac Lepto ( A458A01/02.2023). Greutate=2 kg.
2720273,2022-02-14,1274313,Tiny,Raul Tatar,,,,,,,Vaccin 1 cu Nobivac Parvo-C ( A118A01/07.2023). Greutate= 1.8 kg.
2720292,2022-02-14,1066930,Loki,Raul Tatar,,,,,,,Vaccin anual cu Nobivac DHPPI (A644E01/04.2023) + Nobivac RL ( A205B02/08.2022).
2720394,2022-02-15,1274348,Dada,Raul Tatar,,,,,,,Vaccin anual cu Nobivac DHPPI (A644E01/04.2023) + Nobivac RL ( A205B02/08.2022) .
2720455,2022-02-15,1274368,Alba,Raul Tatar,,,,,,,Vaccin anual cu Eurican DAPPI + LR ( L491822/24.03.2023).
2742672,2022-02-15,1286225,Scai,Raul Tatar,,,,,,,Vaccin anual cu Nobivac DHPPI (A644E01/04.2023) + Nobivac RL ( A205B02/08.2022).
2742690,2022-02-15,1259447,Levi,Raul Tatar,,,,,,,Vaccin anual cu Nobivac DHPPI (A644E01/04.2023) + Nobivac RL ( A205B02/08.2022).
2571399,2022-02-16,1250725,Aisha,Raul Tatar,,,,,,,Vaccin anual cu Nobivac DHPPI (A644E01/04.2023) + Nobivac RL ( A205B02/08.2022). Greutate = 7.7 kg.
2742762,2022-02-16,1286549,Lory,Raul Tatar,,,,,,,Vaccin 3 cu Nobivac DHPPI ( A644E01/04.2023) + Nobivac Lepto ( A283A01/03.2023).
2742796,2022-02-16,1286629,Dop,Raul Tatar,,,,,,,Vaccin 3 cu Nobivac DHPPI (A644E01/04.2023) + Nobivac Lepto (A283A01/03.2023).
2742885,2022-02-16,1286847,Marvin,Raul Tatar,,,,,,,Vaccin anual cu Nobivac DHPPI (A644E01/04.2023) + Nobivac RL ( A205B02/08.2022).
2742926,2022-02-16,1286956,Max,Raul Tatar,,,,,,,Vaccin anual cu Nobivac DHPPI (A644E01/04.2023) + Nobivac RL ( A205B02/08.2022).
2701372,2022-02-17,1270322,Ringo,Raul Tatar,,,,,,,Vaccin 3 cu Nobivac DHPPI ( A644E01/04.2023) + Nobivac Lepto ( A283A01/03.2023).
2743008,2022-02-17,1287154,Liky,Raul Tatar,,,,,,,Vaccin anual cu Eurican DAPPI + LR ( L491822/24.03.2023).
2743328,2022-02-17,1288077,Hara,Raul Tatar,,,,,,,Vaccin anual cu Nobivac DHPPI (A644E01/04.2023) + Nobivac RL ( A205B02/08.2022).
2752812,2022-02-18,1309247,Tano,Raul Tatar,,,,,,,Vaccin anual cu FeliBio PCH (166127A/19.11.2022) + Nobivac Rabies ( A554B01/19.2024).
2752859,2022-02-18,1309256,Sisi,Raul Tatar,,,,,,,Vaccin anual cu FeliBio PCH (166127A/19.11.2022) + Nobivac Rabies ( A554B01/19.2024).
2752882,2022-02-18,1309266,Faffy,Raul Tatar,,,,,,,Vaccin anual cu Eurican DAPPI+LR (L 491822/24.03.2023).
2756350,2022-02-18,1310249,Lisa,Raul Tatar,,,,,,,Vaccin antirabic cu Rabisin ( L483949/04.03.2023).
2756380,2022-02-18,1310257,Pamela,Raul Tatar,,,,,,,Vaccin antirabic cu Rabisin (L483949/04.03.2023).
2756470,2022-02-18,1310287,Bobby,Raul Tatar,,,,,,,Vaccin antirabic cu Rabisin ( L483949/04.03.2023).
2756513,2022-02-18,1310295,Mishy,Raul Tatar,,,,,,,Vaccin antirabic cu Rabisin (L483949/04.03.2023).
2752927,2022-02-19,1309278,Spike,Raul Tatar,,,,,,,Vaccin anual cu Nobivac DHPPI (A644E01/04.2023) + Nobivac RL ( A205B02/08.2022).
2704641,2022-02-21,1271545,Puffy,Raul Tatar,,,,,,,Vaccin anual cu Nobivac DHPPI (A644E01/04.2023) + Nobivac RL ( A205B02/08.2022). Greutate= 2 kg.
2752944,2022-02-21,1309283,Luna,Raul Tatar,,,,,,,Vaccin 1 cu Nobivac Parvo-C (A118A01/07.2023). Greutate= 1.040kg.
2752982,2022-02-21,1309287,Blacky,Raul Tatar,,,,,,,Vaccin 1 cu Nobivac Parvo-C (A118A01/07.2023). Greutate= 2.2 kg.
2752997,2022-02-23,1145175,Bella,Raul Tatar,,,,,,,Vaccin anual cu Nobivac DHPPI (A644E01/04.2023) + Nobivac RL (A205B02/08.2022).
2753044,2022-02-23,1309301,Bella,Raul Tatar,,,,,,,Vaccin anual cu Nobivac DHPPI (A644E01/04.2023) + Nobivac RL (A205B02/08.2022). Greutate= 8.6 kg.
2753100,2022-02-23,1309309,Yorkie 2,Raul Tatar,,,,,,,Vaccin 1 cu Nobivac Parvo-C (A118A01/07.2023).
2753127,2022-02-23,1309318,Maya,Raul Tatar,,,,,,,Vaccin anual cu Nobivac DHPPI (A644E01/04.2023) + Nobivac RL (A205B02/08.2022).
2753151,2022-02-24,1259266,Backy,Raul Tatar,,,,,,,Vaccin 3 cu Nobivac DHPPI (A644E01/04.2023) + Nobivac Lepto ( A283A01/03.2023). Greutate= 2.3 kg.
2753175,2022-02-24,1309331,Maxi,Raul Tatar,,,,,,,Vaccin anual cu Nobivac DHPPI (A644E01/04.2023) + Nobivac RL (A205B02/08.2022). Greutate= 5 kg.
2720023,2022-02-25,1251688,Lizy,Raul Tatar,,,,,,,Ovariohisterectomie.
2720149,2022-02-25,1274272,Bella,Raul Tatar,,,,,,,Vaccin 2 cu Nobivac DHP ( A144B01/04.2023) + Nobivac Lepto ( A283A01/03.2023). Greutate= 2.9 kg.
2720185,2022-02-28,1274280,Buster,Raul Tatar,,,,,,,Vaccin anual cu Nobivac DHPPI ( A644E01/04.2023) + Nobivac RL ( A205B02/08.2022). Deparazitare externa acasa peste 2 zile cu Simparica. Greutate = 2 kg.
2720252,2022-02-28,1274295,Boy,Raul Tatar,,,,,,,Vaccin anual cu Nobivac DHPPI ( A644E01/04.2023) + Nobivac RL ( A205B02/08.2022). Deparazitare externa cu Simparica. Greutate= 2.5 kg.
2752965,2022-03-10,1309283,Luna,Raul Tatar,,,,,,,
2977051,2022-03-29,1054509,Carla,Raul Tatar,,,,,,,Ovariohisterectomie : Xylazin + Ketamidor.
3039985,2022-04-13,1488119,FETITA,Raul Tatar,,"BABESIOZA ,DIROFILARIOZA",,BABESIOZA,"SER FIZIOLOGIC 250ML IV
RINGER LACTAT 250 ML IV
GLUCOZA 5%200 ML IV
DEXAMETAZONA 1 ML IM
IMIZOL 0.9 ML SC
CATOSAL 3 ML SC
DOXICICLINA 10 MG/KG PO",,
4701647,2022-05-02,1790995,Nyx,Raul Tatar,,,,,,,Osteosinteza fractura mandibula mediana.
26091373,2022-05-02,5151926,Nyx,Raul Tatar,,,,,,,
4392758,2022-06-08,491420,Fator,Raul Tatar,,,,,,,
4592811,2022-06-14,1042244,Spot,Raul Tatar,,,,,,,Orhidectomie
4541099,2022-06-28,1706766,Lucky,Raul Tatar,,,,,,,Laparatomie exploratorie : Diagnostic: hidronefroza . Extirpare rinichi drept.
5131847,2022-08-01,1107509,Luna,Raul Tatar,,,,,,,Ovariohisterectomie
6386411,2022-09-13,1711680,Jackie,Raul Tatar,,,,,,,Ovariohisterectomie
5636731,2022-10-11,2084717,Toffee,Raul Tatar,,,,,,,
6893799,2022-11-21,2420043,Hanibal,Raul Tatar,,,,Prolaps rectal. Megacolon. Constipatie,,,
6893914,2022-11-24,2420043,Hanibal,Raul Tatar,,,,,,Administrare antibiotice si antispastice. Hrana umeda.,
7418471,2022-11-25,2420043,Hanibal,Raul Tatar,,,,,,,Efectuarea analizelor de laborator preoperator. Efectuarea interventiei chirurgicale.
7418506,2022-11-26,2420043,Hanibal,Raul Tatar,,,,,,,"Externarea pacientului si punerea lui sub observatia proprietarului. 
Prezentare la consult in termen de 48 h. 
Dieta severa: hrana umede in cantitati mici si dese."
46433827,2022-12-05,2869430,Aris,Raul Tatar,,,,pancreatita,"tratament administrat:synulos inj.,drotavet,novasul,catosal","trecerea pe o alimentatie cu putine grasimi,administrarea tratamentului recomandat,revenirea pentru efectuarea hemoleucogramei  peste o saptamana",
46441756,2022-12-13,2869430,Aris,Raul Tatar,,,,,,continuarea administrarii hranei sarace in grasimi,
6939122,2022-12-16,2483639,Pisi,Raul Tatar,,,,,,,
6939355,2022-12-16,2483639,Pisi,Raul Tatar,,,,,,Eutanasie. Sedare cu Xylazin Bio 2% x 0.12 ml + Ketamidor x 0.12 ml intramuscular. Eutanasie cu T61 x 2 ml intracardiac.,
7736341,2023-01-04,1680207,Sweety,Raul Tatar,,,,,,,
7788040,2023-01-06,1144481,Bella,Raul Tatar,,,,,,,
7701970,2023-01-09,2548272,Pablo,Raul Tatar,,,,,"Clamoxyl, Metacam",,
7702189,2023-01-10,2548272,Pablo,Raul Tatar,,,,,,,
7702215,2023-01-11,2548272,Pablo,Raul Tatar,,,,,,,
7702267,2023-01-12,2548272,Pablo,Raul Tatar,,,,,,,Tratament cu Synulox si Metacam. Toaletaj local cu betadina.
7702279,2023-01-13,2548272,Pablo,Raul Tatar,,,,,,,Tratament cu Synulox si Metacam. Toaletaj local cu betadina.
7702309,2023-01-14,2548272,Pablo,Raul Tatar,,,,,,"Repaus in cusca, miscari limitate, sarituri interzise. Toaleta locala cu betadina.",Tratament cu Marbocyl.
7702450,2023-01-15,2548504,Ava,Raul Tatar,,,,,,,
7702599,2023-01-16,2548504,Ava,Raul Tatar,,,,Intoxicatie cu insecticide/ pesticide sau agenti de curatare/dezinfectie.,,,"Cainele se simte mai bine, mai are spasme musculare doar la uechi si pleoape. A baut apa, a urinat."
7702655,2023-01-17,2548504,Ava,Raul Tatar,,,,,,"Continuarea tratamentului cu antibiotice ( Kesium) inca 6 zile, Neurovet timp de 20 zile. Supravegherea cainelui in vederea aparitiei unor noi simptome.","Pacientul se simte mai bine, a inceput sa manance, da din coada, bea apa, urineaza. Mai are mici spasme la pleoape."
7803734,2023-01-17,1706056,Laila,Raul Tatar,,,,,,,
7789191,2023-01-19,1073502,Max,Raul Tatar,,,,,,,
7702826,2023-01-23,2548639,Tokki,Raul Tatar,,,,Insuficienta renala stadiul IV. Peritonita infectioasa felina forma uscata.,,,
7703061,2023-01-24,2548639,Tokki,Raul Tatar,,,,,,,"Tratament cu Catosal, Drotavet, Enroxil si solutie Ringer lactat, Duphalyte, glucoza si NaCl, RenalVet."
7712017,2023-01-25,1706093,Anzu,Raul Tatar,,,,,,,
7815027,2023-01-27,1680203,Mona,Raul Tatar,,,,,,,
7814658,2023-02-08,2607272,Franky,Raul Tatar,,,,,,,
7815162,2023-02-08,2607432,Max,Raul Tatar,,,,,,,
7820532,2023-02-09,2609220,Lucy,Raul Tatar,,,,,,,
8649740,2023-02-14,2694842,Pufi,Raul Tatar,,,,,,,"Tratament cu Ringer lactat + Duphalyte, Catosal, Drotavet, Doxycare, Neurovet."
8649775,2023-02-15,2694842,Pufi,Raul Tatar,,,,,,,"Tratament : Perfuzii cu Ringer lactat, Duphalyte, Drotavet, Catosal, Doxycare, Neurovet x 4 zile."
46441886,2023-02-21,2869430,Aris,Raul Tatar,,,,,,continuarea administrarii hranei sarace in grasimi de tip gastrointestinal,
8649787,2023-02-22,2694842,Pufi,Raul Tatar,,,,,,,"Tratament : Corpet, Neurovet si GS = 1.43 ml ( 5 mg/kg) x 3 zile. 
Greutate = 4.3 kg"
8649879,2023-02-24,2694909,Jedi,Raul Tatar,,,,,,,"Este apatic. Tratament cu Enroxil, Prednisolon, Catosal."
8649800,2023-02-25,2694842,Pufi,Raul Tatar,,,,,,,"Tratament cu GS = 1.9 ml (6 mg/kg) x 5 zile.
Greutate = 4.8 kg."
8649892,2023-02-25,2694909,Jedi,Raul Tatar,,,,,,,"Tratament cu GS = 1.7 ml ( 6 mg/kg) x 19 zile.
Din data de 16.03.23 =4 kg = 2.15 ml (8 mg/kg)"
10793497,2023-02-28,2371485,Skay,Raul Tatar,,,,,,,
8993876,2023-03-04,2694842,Pufi,Raul Tatar,,,,,,,"Tratament cu GS x 2 ml de 13 zile.
Din data de 16.03.23 = 4.6 kg = 2.15 ml ( 7 mg/ kg)"
10815466,2023-03-08,2866915,Fetita,Raul Tatar,,,,,,,
10815983,2023-03-12,1344077,Jessy,Raul Tatar,,,,,,"Tratament cu Doxiciclina + Medrol timp de 1 luna. Repetare Nexgard in 25.03.2023, apoi o data pe luna, timp de un an.",
12245487,2023-03-27,3292537,Dodo,Raul Tatar,,,,,,,
10815465,2023-03-28,2866915,Fetita,Raul Tatar,,,,,,,
12245583,2023-03-29,3292537,Dodo,Raul Tatar,,,,,,,
12245604,2023-03-31,3292537,Dodo,Raul Tatar,,,,,,,
46795437,2023-03-31,2869430,Aris,Raul Tatar,,,,,,,---
12261287,2023-04-20,3190476,Becky,Raul Tatar,,,,,,,
12261446,2023-04-21,2867479,Valentina,Raul Tatar,,,,,,,
14851559,2023-05-18,3434843,Bella Mimi,Raul Tatar,,,,,,,Ovariohisterectomie + detartraj + extractii dentare ( x 4 ).
14851583,2023-05-18,1066394,Lolita,Raul Tatar,,,,,,,Rezectie papilom gingival ( cu electrocauter).
14863688,2023-05-20,3750087,Xprincesse,Raul Tatar,,,,,,,"Cezariana. Anestezie cu : Butorfanol x 0.1 ml i.m. , Propofol x 10 ml i.v.. Tratament cu Synulox x 0.6 ml s.c."
14863737,2023-05-20,3750097,Maya,Raul Tatar,,,,,,,"Cezariana. Anestezie cu : Butorfanol x 0.1 ml i.m., Propofol x 10 ml i.v. Tratament : Synulox x 0.5 ml s.c."
14870085,2023-05-22,1706069,Tara,Raul Tatar,,,,,,,Test HW Ag = Negativ.
46797277,2023-05-25,2869430,Aris,Raul Tatar,,,,,,,
16465733,2023-05-29,3932837,Roby,Raul Tatar,,,,,,,
19733563,2023-06-14,4112479,Rino,Raul Tatar,,,,,,"Tratament cu Doxiciclina si Prednisolon timp de 1 luna, si Nexgard Spectra timp de un an.",
19733732,2023-06-14,4112593,Bono,Raul Tatar,,,,,,"Tratament cu Doxiciclina si Prednisolon timp de 1 luna, s Nexgard Spectra timp de un an.",
46797491,2023-06-19,2869430,Aris,Raul Tatar,,,,,,,
15139807,2023-06-28,3764701,Nero,Raul Tatar,,,,,,"Analgezice, suplimente We Joint si calciu. Evitarea scarilor, miscare limitata.",
19900308,2023-06-28,4083089,Muc,Raul Tatar,,,,,,,
20860780,2023-07-12,1884529,Fiffi,Raul Tatar,,,,,,,
16981452,2023-07-21,4006619,Pluto,Raul Tatar,,,,Pancreatita ( Pancreatitis),,MRI  spine.,
21060286,2023-07-21,4405422,Poly,Raul Tatar,,,,,,,
21578597,2023-07-23,4429842,Sissi,Raul Tatar,,,,Bronsita,"synulox inj. 
tolfedol inj
catosal inj.
administrarea de kesium timp de 7 zile PO",recontrol dupa terminarea tratamentului ,
46797634,2023-07-26,2869430,Aris,Raul Tatar,,,,"atentie la alimentatia catelului,prezinta risc crescut de pancreatita,",,,
18180582,2023-07-31,2480437,Ollie,Raul Tatar,,,,,,,
23538555,2023-08-26,4920677,Maylo,Raul Tatar,,,,,,,
23538583,2023-08-26,4920681,Brenda,Raul Tatar,,,,,,,
23614154,2023-08-30,4405406,Teddy,Raul Tatar,,,,,,,
23625991,2023-09-07,2213239,Molly,Raul Tatar,,,,,,,
23634121,2023-09-22,2693417,Zoe,Raul Tatar,,,,,,,Ovariohisterectomie.
23634606,2023-09-26,3746634,Dizzy,Raul Tatar,,,,,,,Ovariohisterectomie
23634750,2023-09-27,4951249,Rex,Raul Tatar,,,,,,,Orhidectomie
21578788,2023-10-02,4429842,Sissi,Raul Tatar,,,,,doxiciclina PO si dermipredx,,
21578803,2023-10-02,4429842,Sissi,Raul Tatar,,,,,,,
24028031,2023-10-02,4945392,Sasha,Raul Tatar,,,,,,,
20847615,2023-10-03,3297016,Luna,Raul Tatar,,,,,,,
24028088,2023-10-04,4945813,Bruno,Raul Tatar,,,,,,,
20860562,2023-10-05,2938957,Ria,Raul Tatar,,,,,,,
21060325,2023-10-14,4157835,Cataleya,Raul Tatar,,,,,,,
21060340,2023-10-14,4157864,Blue,Raul Tatar,,,,,,,
21549838,2023-10-14,4421985,Mila,Raul Tatar,,,,,"Pneumoguard x 1 ml sc, Vigophos x 1 ml sc, Dexametazona x 0.5 ml im, Drotavet x 1 ml sc, Zodon 264 mg x 3/4 tbl per os.",,
21549984,2023-10-15,4421985,Mila,Raul Tatar,,,,,,,
21550018,2023-10-15,4421985,Mila,Raul Tatar,,,,,,,
21550053,2023-10-16,4421985,Mila,Raul Tatar,,,,,,,"S-a efectuat analiza de NH3 = 101 umol/l. 
Pacienta este mai receptiva, are pofta de mancare.
"
21538407,2023-10-17,3224386,Archie,Raul Tatar,,,,,,,
21550511,2023-10-17,4421985,Mila,Raul Tatar,,,,,,,"Pacienta este alerta, mucoasele sunt roz-pal, are pofta de mancare, a defecat: scaun moale.  Tratament: Fur tosemid x 1 ml im x 2 /zi, Zodon x 264 mg x 3/4 tbl x2 /zi, Drotavet x 1 ml sc, Vigophos x 1 ml sc, sol. Ringer x 200 ml iv."
46797878,2023-10-22,2869430,Aris,Raul Tatar,,,,"valorile in parametri normali,se recomanda continuarea dietei alimentare",,,efectuarea la cerere a lipazei specifice
21910977,2023-10-24,4454316,KION,Raul Tatar,,,,PLAGA PRIN MUSCATURA LA NIVELUL COZII,"TOALETAREA PLAGII DE LA NIVELUL COZI(APA OXIGENATA,BETADINA)
APLICAREA DE UNGUENT (MIBAZON)
ADMINISTRAREA DE TRATAMENT INJECTABIL:
-LUNGOCIL L.A.INJ
-MELOXIDOLOR INJ.
","RECONTROL LA 48 DE ORE,IGIENIZARE LOCALA CU BETADINA",
21911172,2023-10-26,4454316,KION,Raul Tatar,,,,,LUNGOCIL L.A. INJ.,,
23339910,2023-12-07,4886172,Maliya,Raul Tatar,,,,,,,
23475085,2023-12-15,4906543,Junior,Raul Tatar,,,,,,,
26249156,2023-12-15,5154729,Escobar,Raul Tatar,,,,,,,
26294104,2023-12-21,1065416,Toby,Raul Tatar,,,,,,,
26296369,2024-01-04,4269681,Sassy,Raul Tatar,,,,,,,
26384433,2024-01-05,5186373,Rosie,Raul Tatar,,,,,,,
26401574,2024-01-17,5183743,Sara,Raul Tatar,,,,,,,
26407886,2024-01-19,5186354,Poppy,Raul Tatar,,,,,,,
26407896,2024-01-19,5186345,Elvis,Raul Tatar,,,,,,,
26407911,2024-01-19,5186357,Baby,Raul Tatar,,,,,,,
26407934,2024-01-19,5186351,Gevin,Raul Tatar,,,,,,,
26408163,2024-01-19,5226107,Enzo,Raul Tatar,,,,,,,
46804641,2024-01-31,2869430,Aris,Raul Tatar,,,,,,,
27023369,2024-02-04,5279538,Bruno,Raul Tatar,,,,,,"Tratament : Synulox, Drotavet, Tolfedol, Butasal",
27026099,2024-02-05,5279538,Bruno,Raul Tatar,,,,,,"Pacientul a fost sustinut cu perfuzii timp de 3 zile : Ringer + Glucoza.
Tratament acasa: Doxiciclina, Clindamicina, Torasemid, Vetmedin.
Se recomanda control dupa 10 zile.",
26986037,2024-02-08,5269024,Mork,Raul Tatar,,,,,,,
26986112,2024-02-08,5230490,Luna,Raul Tatar,,,,,,,
27007263,2024-02-09,5232397,Fay,Raul Tatar,,,,,,Tratament cu Metrocare 250 mg + Xeden 200 mg timp de 12 zile.,
27026156,2024-02-13,5279538,Bruno,Raul Tatar,,,,,,"Continuare tratament cu Clindamicina timp de 5 zile, Isemid si Cardalis. ",
27080383,2024-02-17,5186715,Chico,Raul Tatar,,,,,,,
27080404,2024-02-17,5186715,Chico,Raul Tatar,,,,,,,
27109071,2024-02-23,5043528,Pufi,Raul Tatar,,,,,,,"Monorhid.Testicul drept ectopic, subcutan, lateral de penis. S-a excizat si testiculul drept."
27270653,2024-03-05,1053990,Aky,Raul Tatar,,,,,,,
27270764,2024-03-05,1054097,Maxi,Raul Tatar,,,,,,,
27270979,2024-03-05,5322246,Olly,Raul Tatar,,,,,,,
27272010,2024-03-06,1338316,Mickey,Raul Tatar,,,,,,,
27272084,2024-03-06,5322465,Lord,Raul Tatar,,,,,,,
27323942,2024-03-12,1343832,Tasha,Raul Tatar,,,,,,"Se recomanda ecografie Doppler-cardiaca, pentru stabilirea unui diagnostic precis, cat si a unui tratament eficient.",
27324441,2024-03-12,5230528,Max,Raul Tatar,,,,,,,
27366573,2024-03-12,5358814,Benny,Raul Tatar,,,,,,,
27367773,2024-03-13,5358814,Benny,Raul Tatar,,,,,,,"Pacientul este vioi, a urinat, a mancat, penisul si-a mentinut pozitia anatomica normala."
27382956,2024-03-15,5317154,Pufi,Raul Tatar,,,,,,,
27376126,2024-03-18,5365033,Teddy,Raul Tatar,,,,,,,"Cainele a fost gasit pe strada, cu sange la gura. A fost sedat pentru a putea fi preluat de pe strada si adus la cabinet. "
27383032,2024-03-18,1259266,Backy,Raul Tatar,,,,,,,
27584425,2024-03-21,5409506,Cutza,Raul Tatar,,,,,,,
27460077,2024-03-25,5166529,Pufi,Raul Tatar,,,,,,,Tonometrie : 25 mm: continuare tratament cu Trusopt. Otoscopie : otita alergica bilaterala: tratament cu Surolan 1 x 2 pic/zi 7 zile.
27584213,2024-03-26,4269875,Piscot,Raul Tatar,,,,,,,
28268352,2024-03-26,5161147,Luna,Raul Tatar,,,,,,,
27526223,2024-03-28,5317726,Amma,Raul Tatar,,,,,,,
28201082,2024-04-05,5735359,Cash,Raul Tatar,,,,,,,
28958024,2024-04-05,5888711,Cleo,Raul Tatar,,,,,,,
28201244,2024-04-06,5409533,Hugo,Raul Tatar,,,,,,,
28201166,2024-04-08,5735381,Balto,Raul Tatar,,,,,,,
28268872,2024-04-11,5810656,Maya,Raul Tatar,,,,,,,
28268968,2024-04-11,5810678,Max,Raul Tatar,,,,,,,
28269753,2024-04-12,5810818,Roky,Raul Tatar,,,,,,,
28274636,2024-04-12,5812146,Pisi,Raul Tatar,,,,,,,
28275756,2024-04-12,5888316,Matsa,Raul Tatar,,,,,,,
32450497,2024-04-18,4951240,Ben,Raul Tatar,,,,,,,
32471505,2024-04-18,6607627,Bobita,Raul Tatar,,,,,,,
32471736,2024-04-19,4273353,Happy,Raul Tatar,,,,,,,
32471835,2024-04-19,6607691,Tosea,Raul Tatar,,,,,,,
32471928,2024-04-19,6607720,Mickey,Raul Tatar,,,,,,,
32472010,2024-04-19,6607739,Luna,Raul Tatar,,,,,,,
29567247,2024-04-22,5735381,Balto,Raul Tatar,,,,,,,
32472123,2024-04-22,5226061,Shiny,Raul Tatar,,,,,,,
32472596,2024-04-22,1680127,Lion,Raul Tatar,,,,,,,
32472790,2024-04-22,6607919,Micutza,Raul Tatar,,,,,,,
32472865,2024-04-22,6607934,Lea,Raul Tatar,,,,,,,
29562118,2024-04-23,2234732,Mira,Raul Tatar,,,,,,,
29562239,2024-04-23,4992349,Lucky,Raul Tatar,,,,,,,
29561508,2024-04-24,6036296,Bella,Raul Tatar,,,,,,,
29560924,2024-04-25,5350083,Shelby,Raul Tatar,,,,,,,
29561355,2024-04-26,6036248,Daisy,Raul Tatar,,,,,,,
32472958,2024-04-29,6607953,Hope,Raul Tatar,,,,,,,
32495731,2024-05-02,2341992,Tomita,Raul Tatar,,,,,,,
32496065,2024-05-02,6614165,Ava,Raul Tatar,,,,,,,
32496165,2024-05-04,6614196,Lisa,Raul Tatar,,,,,,,
32496235,2024-05-04,6614211,Miu,Raul Tatar,,,,,,,
30006605,2024-05-07,5888766,Mojito,Raul Tatar,,,,,,,Tratament : Diprophos x 0.5 ml i.m.
32496279,2024-05-08,3304732,Thor,Raul Tatar,,,,,,,
31549765,2024-05-24,6434191,Mara,Raul Tatar,,,,,,,
32496370,2024-05-24,6614250,Max,Raul Tatar,,,,,,,
32497498,2024-05-24,6614520,Pisu,Raul Tatar,,,,,,,"Accident rutier : politraumatisme incompatibile cu viata.
NLA : Xylazina x 0.2 ml im + Ketamidor x 0.2 ml im. T61 x 1 ml iv."
31549537,2024-05-25,6434053,Sonia,Raul Tatar,,,,,,,Cezariana de urgenta. Catelusa se chinuie de 2 zile sa fete.
31548645,2024-05-27,6433890,Bruno,Raul Tatar,,,,,,,
31548792,2024-05-27,2504710,Boo,Raul Tatar,,,,,,,
31548885,2024-05-27,1653472,Lola,Raul Tatar,,,,,,,
31548357,2024-05-28,5232397,Fay,Raul Tatar,,,,,,,
31548481,2024-05-28,5735381,Balto,Raul Tatar,,,,,,,
32779074,2024-05-28,5735381,Balto,Raul Tatar,,,,,,,
31567465,2024-05-29,6438910,Milu,Raul Tatar,,,,,,,Sedare pentru toaletare : NLA : Domitor x 0.5 ml im + Ketamidor x 0.2 ml im + Antisedan x 0.25 ml im
31567508,2024-05-29,6438918,Leo,Raul Tatar,,,,,,,Sedare pentru toaletare : NLA : Domitor x 0.4 ml im + Ketamidor x 0.2 ml im + Antisedan x 0.2 ml im.
31567406,2024-05-30,6438896,Tom,Raul Tatar,,,,,,,
31567562,2024-05-30,6438928,Toto,Raul Tatar,,,,,,,
32497681,2024-05-31,6614626,Biscuit,Raul Tatar,,,,,,,
32514532,2024-06-03,6620484,Bella,Raul Tatar,,,,,,,
32797719,2024-06-04,6036059,Leea,Raul Tatar,,,,,,,
34544842,2024-06-13,1827664,Puffy,Raul Tatar,,,,,,,
33227403,2024-06-17,6649792,Aky,Raul Tatar,,,,,,,
32518715,2024-06-19,6620484,Bella,Raul Tatar,,,,,,,
34544723,2024-06-25,6740149,Odis,Raul Tatar,,,,,,,
34545540,2024-06-27,6649555,Togo,Raul Tatar,,,,,,,
35333058,2024-07-04,6970097,Kimi,Raul Tatar,,,,,,,
46804760,2024-07-08,2869430,Aris,Raul Tatar,,,,,,,
34944732,2024-07-11,6660643,Cartus,Raul Tatar,,,,,,,
34944746,2024-07-11,6660647,Luna,Raul Tatar,,,,,,,
35294749,2024-07-13,7059832,Yumi,Raul Tatar,,,,,,,
35295209,2024-07-15,7059913,Heidy,Raul Tatar,,,,,,,
35295612,2024-07-15,7059989,Kitty,Raul Tatar,,,,,,,
35323442,2024-07-24,6933429,Mimi,Raul Tatar,,,,,,,
35332935,2024-07-25,7069787,Amali,Raul Tatar,,,,,,,
35335445,2024-07-30,6740536,Lisa,Raul Tatar,,,,,,,
33227146,2024-07-31,6649772,Molly,Raul Tatar,,,,,,,
37925471,2024-08-01,7396528,Teddy,Raul Tatar,,,,,,,
37934301,2024-08-05,7398423,Pami,Raul Tatar,,,,,,,
37934697,2024-08-07,6930420,Pufy,Raul Tatar,,,,,,,
37953025,2024-08-07,7403169,Marty,Raul Tatar,,,,,,,
37953550,2024-08-07,7403276,Lucie,Raul Tatar,,,,,,,
37962858,2024-08-08,7405615,Channel,Raul Tatar,,,,,,,
46804875,2024-08-08,2869430,Aris,Raul Tatar,,,,,,,recontrol
37962950,2024-08-10,7405645,Bounty,Raul Tatar,,,,,,,
38002784,2024-08-12,7414953,Oliver,Raul Tatar,,,,,,,
37963349,2024-08-13,7405731,Luna,Raul Tatar,,,,,,,
37963600,2024-08-14,6970274,Max,Raul Tatar,,,,,,,
37964055,2024-08-15,7405874,James,Raul Tatar,,,,,,,
37964079,2024-08-16,7070397,Casper,Raul Tatar,,,,,,,
37964109,2024-08-16,7070403,Adelheid,Raul Tatar,,,,,,,
38002936,2024-08-22,7414996,Alfi,Raul Tatar,,,,,,,
38003374,2024-08-26,7415121,Sasha,Raul Tatar,,,,,,,
38023860,2024-08-29,7420633,Lexa,Raul Tatar,,,,,,,
38024268,2024-09-02,7070368,Lucky,Raul Tatar,,,,,,,
38033379,2024-09-04,7422855,Kitty,Raul Tatar,,,,,,,
38033404,2024-09-05,6787917,Ria,Raul Tatar,,,,,,,
38033559,2024-09-05,7403806,Cooper,Raul Tatar,,,,,,,
38033698,2024-09-09,7075272,Brenda,Raul Tatar,,,,,,,
38033885,2024-09-09,7422928,Suri,Raul Tatar,,,,,,,
38161327,2024-09-13,7453264,Muna,Raul Tatar,,,,,,,
38162800,2024-09-13,7453583,Nora,Raul Tatar,,,,,,,
38162845,2024-09-13,7453591,Marshall,Raul Tatar,,,,,,,
38162875,2024-09-13,7453598,Fridolin,Raul Tatar,,,,,,,
38183440,2024-09-17,7410302,Pufi,Raul Tatar,,,,,,,
38232606,2024-09-18,7421522,Panda,Raul Tatar,,,,,,,
46805714,2024-09-23,2869430,Aris,Raul Tatar,,,,,,,
38233528,2024-09-24,7470854,Catelusa,Raul Tatar,,,,,,,
38233813,2024-09-25,7470932,Jody,Raul Tatar,,,,,,,
37934613,2024-09-27,7398482,Suki,Raul Tatar,,,,,,,
46805781,2024-09-28,2869430,Aris,Raul Tatar,,,,,,,
38374933,2024-09-30,7499459,Boschi,Raul Tatar,,,,,,,
38375217,2024-10-01,7499514,Teddy,Raul Tatar,,,,,,,
38375341,2024-10-03,7499551,Catelusa 1,Raul Tatar,,,,,,,
38376109,2024-10-07,7499900,Mimmo,Raul Tatar,,,,,,,
38376165,2024-10-07,7499913,Micki,Raul Tatar,,,,,,,
38376368,2024-10-09,7410244,Luna,Raul Tatar,,,,,,,
38376652,2024-10-10,7420704,Lola,Raul Tatar,,,,,,,
38376686,2024-10-10,7405712,Vasilica,Raul Tatar,,,,,,,
38376808,2024-10-10,7500042,Luna,Raul Tatar,,,,,,,
38376917,2024-10-12,7500059,Akira,Raul Tatar,,,,,,,
39407804,2024-10-16,7410527,Maya,Raul Tatar,,,,,,,
39407955,2024-10-17,1053446,Pufi,Raul Tatar,,,,,,,Eliberare carnet nou
39408931,2024-10-18,7470601,Miti,Raul Tatar,,,,,,,
39409744,2024-10-19,7601221,Electra Luna,Raul Tatar,,,,,,,
39410037,2024-10-21,7601280,Paco,Raul Tatar,,,,,,,
39410446,2024-10-25,4951269,Betty,Raul Tatar,,,,,,,
39410556,2024-10-26,5150198,Happy,Raul Tatar,,,,,,,Eliberare carnet nou
39411592,2024-10-26,7601339,Skyla,Raul Tatar,,,,,,,
39420582,2024-10-29,7603596,Rex,Raul Tatar,,,,,,,
39602205,2024-11-05,7608391,Vasco,Raul Tatar,,,,,,,
39602303,2024-11-06,7600841,Hope,Raul Tatar,,,,,,,
39602323,2024-11-06,7608415,Pumi,Raul Tatar,,,,,,,
39611105,2024-11-07,7421508,Mausi,Raul Tatar,,,,,,,
39611169,2024-11-07,7502336,Kitti,Raul Tatar,,,,,,,
39619680,2024-11-08,6740047,Oscar Codita,Raul Tatar,,,,,,,
39620488,2024-11-09,7420709,Nugget,Raul Tatar,,,,,,,
39705685,2024-11-11,7635265,Lexy,Raul Tatar,,,,,,,
39707481,2024-11-11,7635641,Metis 6,Raul Tatar,,,,,,,
37963287,2024-11-13,1827645,Bambi,Raul Tatar,,,,,,,
39708965,2024-11-14,7600931,Bella,Raul Tatar,,,,,,,
39708989,2024-11-14,7600861,Lucy,Raul Tatar,,,,,,,
39709461,2024-11-16,7471301,Zuko,Raul Tatar,,,,,,,
39709838,2024-11-19,7636262,Masha,Raul Tatar,,,,,,,
39710019,2024-11-20,7636311,Bichon,Raul Tatar,,,,,,,
39716010,2024-11-22,7637812,Lulu,Raul Tatar,,,,,,,
39716361,2024-11-25,7635612,Patrocle,Raul Tatar,,,,,,,
39717021,2024-12-02,7608339,Bobita,Raul Tatar,,,,,,,
39718523,2024-12-04,7601077,Teddy,Raul Tatar,,,,,,,
39726264,2024-12-06,7640200,Peky,Raul Tatar,,,,,,,
39726404,2024-12-07,7640235,Eros,Raul Tatar,,,,,,,
39726415,2024-12-07,7601054,Bubu,Raul Tatar,,,,,,,
39726446,2024-12-07,7640246,Simba,Raul Tatar,,,,,,,
39726583,2024-12-09,7640276,Rex,Raul Tatar,,,,,,,
40836000,2024-12-09,7795215,Jingle,Raul Tatar,,,,,,Apoquel 16 mg x 20 tbl.,Diagnostic : Dermatita atopica.
39726643,2024-12-10,7600933,Ody,Raul Tatar,,,,,,,
39727369,2024-12-11,3296971,Aldo,Raul Tatar,,,,,,,
40836040,2024-12-11,7795215,Jingle,Raul Tatar,,,,,,Introvit x 1 ml sc.,Tratament pentru cresterea apetitului.
40846691,2024-12-11,7795215,Jingle,Raul Tatar,,,,,,Introvit x 1 ml sc,Tratament pentru cresterea apetitului.
40836054,2024-12-12,7795215,Jingle,Raul Tatar,,,,,,"Introvit x 1 ml sc.
Hill's Hypoallergenic x 12 conserve.",Tratament pentru cresterea apetitului.
38163122,2024-12-13,7453614,Juri,Raul Tatar,,,,,,,
46805825,2024-12-14,2869430,Aris,Raul Tatar,,,,,,,
39737936,2024-12-17,7641216,Missi,Raul Tatar,,,,,,,
39409079,2024-12-18,7601054,Bubu,Raul Tatar,,,,,,,
39746013,2024-12-20,7643372,Rudi,Raul Tatar,,,,,,,
39746477,2024-12-21,7610641,Paco,Raul Tatar,,,,,,,
39746513,2024-12-23,7643372,Rudi,Raul Tatar,,,,,,,
39793639,2024-12-30,7645413,Sia,Raul Tatar,,,,,,,
39793699,2025-01-03,7645424,Simba,Raul Tatar,,,,,,,
39824366,2025-01-09,7643399,Snow,Raul Tatar,,,,,,,
39826921,2025-01-10,7653618,Sasha,Raul Tatar,,,,,,,
39827604,2025-01-13,7652896,Pisi,Raul Tatar,,,,,,,
39827623,2025-01-13,7652896,Pisi,Raul Tatar,,,,,,,
39827931,2025-01-14,7653829,Toto,Raul Tatar,,,,,,,
40221372,2025-01-14,7726314,Ninetta,Raul Tatar,,,,,,,
39843774,2025-01-16,7657566,Miri,Raul Tatar,,,,,,"Toaletare cu Iridium, tratament cu Gentocin plus 1 pic/ ochi de 2 ori pe zi, timp de 7 zile. Recontrol dupa 7 zile de tratament.",
40836078,2025-01-18,7795215,Jingle,Raul Tatar,,,,,,Apoquel 16 mg x 10 tbl.,
40233939,2025-01-21,7729154,Alba,Raul Tatar,,,,,,,
40441041,2025-01-23,7745581,Max,Raul Tatar,,,,,,,
40448430,2025-01-24,7747255,Pufi,Raul Tatar,,,,,,,
40448791,2025-01-27,7747335,Maya,Raul Tatar,,,,,,,
40448813,2025-01-27,7747344,Bela,Raul Tatar,,,,,,,
40448898,2025-01-27,7653779,Pookie,Raul Tatar,,,,,,,
40836086,2025-02-03,7795215,Jingle,Raul Tatar,,,,,,Apoquel 16 mg x 10 tbl.,
40452606,2025-02-04,7748256,Pufy,Raul Tatar,,,,,,,
40855430,2025-02-06,7799295,Rocky,Raul Tatar,,,,,,,
40855590,2025-02-07,7799330,Cheery,Raul Tatar,,,,,,,
40876682,2025-02-12,7653755,Bijou,Raul Tatar,,,,,,,
40836097,2025-02-19,7795215,Jingle,Raul Tatar,,,,,,Cytopoint 30 mg x 1 ml sc.,Tratament injectabil pentru dernatita atopica.
40869534,2025-02-19,2858214,Teddy,Raul Tatar,,,,,,,
40876244,2025-02-19,2507806,Bella,Raul Tatar,,,,,,,
40836033,2025-02-20,7795215,Jingle,Raul Tatar,,,,,,,
40846739,2025-02-21,7795215,Jingle,Raul Tatar,,,,,,,
40886627,2025-02-21,7653081,Luna,Raul Tatar,,,,,,,
40886801,2025-02-25,7726203,Max,Raul Tatar,,,,,,,
40902023,2025-02-25,7810090,Titi,Raul Tatar,,,"Pacienta se afla in stare de soc.
Prognostic: grav.
Tratament : perfuzii i.v. cu Solutie Ringer Lactat x 150 ml, Glucoza 5% x 50 ml, NaCl 9% x 150 ml. Catosal x 1 ml s.c., deinfectia regiunii afectate cu betadina si apa oxigenata, unguent Mibazon. Introducere pe incubator pentru restabilirea temperaturii corporale normale.
In cursul noptii, pisica a decedat.",Septicemie,,,
41517607,2025-03-04,7867743,Luna,Raul Tatar,,,,,,,
41592294,2025-03-08,7747264,Luna,Raul Tatar,,,,,,,
41860627,2025-03-10,7912550,Tigris,Raul Tatar,,,,,,,
42095361,2025-03-17,7941597,Anania,Raul Tatar,,,,,,,
42100137,2025-03-18,7747670,Bella,Raul Tatar,,,,,,,
42100202,2025-03-18,7747670,Bella,Raul Tatar,,,,,,,
42100217,2025-03-18,7747674,Bobita,Raul Tatar,,,,,,,
42106431,2025-03-18,7636089,Molly,Raul Tatar,,,,,,,
42106566,2025-03-18,7636244,Ozi,Raul Tatar,,,,,,,
42117704,2025-03-20,7946865,Tasha,Raul Tatar,,,,,,,
42322576,2025-03-22,1346810,Pufi,Raul Tatar,,,,,,,
43945693,2025-04-08,1961917,Yoyo,Raul Tatar,,,,,,,
43945646,2025-04-22,5280303,Maya,Raul Tatar,,,,,,,
46820847,2025-04-23,6035687,Nia,Raul Tatar,,,,,,,
46441940,2025-05-08,2869430,Aris,Raul Tatar,,,,,,,
48682942,2025-06-24,8927840,MOZART,Raul Tatar,,,,"GASTRITA  HEMORAGICA,","SINULOX INJ.
VETEMEX INJ
DROTAVET  INJ.
CATOSAL INJ
NUTRIGEST PO
ARNETIN PO",TRECEREA PE O ALIMENTATIE GASTRO INTESTINAL DE TIP FIBRE(HILLS I/D GASTROINTESTINAL BIOME),
50102772,2025-06-24,9126854,Piky,Raul Tatar,,pancreatita,,"26.06.2025-cpl report 1367.72ug/L,pancreatita,","novasul inj.,drotavet,buscopan,catosal cu beformed,hemovet,metronidazol.,protectoare hepatice,cefort inj.","efectuarea unei ecografi,realizata la play dog,rezultat suspiciune de neoplasm abdominal
monitorizare glicemie,
regim alimentar",
50102772,2025-06-24,9126854,Piky,Raul Tatar,,anemie severa,,"26.06.2025-cpl report 1367.72ug/L,pancreatita,","novasul inj.,drotavet,buscopan,catosal cu beformed,hemovet,metronidazol.,protectoare hepatice,cefort inj.","efectuarea unei ecografi,realizata la play dog,rezultat suspiciune de neoplasm abdominal
monitorizare glicemie,
regim alimentar",
50102772,2025-06-24,9126854,Piky,Raul Tatar,,diabet zaharat,,"26.06.2025-cpl report 1367.72ug/L,pancreatita,","novasul inj.,drotavet,buscopan,catosal cu beformed,hemovet,metronidazol.,protectoare hepatice,cefort inj.","efectuarea unei ecografi,realizata la play dog,rezultat suspiciune de neoplasm abdominal
monitorizare glicemie,
regim alimentar",
50102772,2025-06-24,9126854,Piky,Raul Tatar,,suspiciune neoplasm abdominal,,"26.06.2025-cpl report 1367.72ug/L,pancreatita,","novasul inj.,drotavet,buscopan,catosal cu beformed,hemovet,metronidazol.,protectoare hepatice,cefort inj.","efectuarea unei ecografi,realizata la play dog,rezultat suspiciune de neoplasm abdominal
monitorizare glicemie,
regim alimentar",
63691769,2025-10-20,10885284,Bruno,Raul Tatar,,,,,,"limitarea miscarii ,administrarea de suplimente vitaminice si minerale",
63693534,2025-10-20,10885284,Bruno,Raul Tatar,,,,fractura tibie,,"20.10.2025-fixarea membrului fracturat cu atele gipsate,administrarea de antiinflamatoare si suplimente minerale si vitaminice
 27.10.2025- recontrol-si-a ros ghipsul, a sarit  rezultand deplasarea marginilor osoase ale fracturii
programare la operatie de osteosinteza reparatorie
03.11.2025-osteosinteza reparatorie tibie membru posterior stang
07.11.2025-si-a rupt firele de sutura si au aparut scurgeri  seroase la nivelul plagii operatorii",
63692176,2025-10-27,10885284,Bruno,Raul Tatar,,,,,,,
63242385,2025-11-03,10885284,Bruno,Raul Tatar,,,,,,,
63691597,2025-11-03,10885284,Bruno,Raul Tatar,,,,,,,
58944780,2025-11-05,10245147,Stefan,Raul Tatar,,,,"tromboembolism ,",,efectuare de eco doppler,
59154141,2025-11-10,10286762,Blue,Raul Tatar,,,,"trombocitopenie,hiperplazie de prostata,cistita,hematurie",,,
62398122,2025-11-25,10691805,Tomas,Raul Tatar,,bronsita,,bronsita,,"administrarea de vitamine,slabirea animalului",
62401140,2025-12-04,10691805,Tomas,Raul Tatar,,,,"traheo bronsita,suspiciune PIF","ziua I
tolfedin -sc-0.8 ml 
doxibactin-PO-2 tbl /zi(nu suporta ,hipersalivatie si voma)
catosal -sc-1ml
ziuaII
dexamethasone-im-0.5 ml
marbocyl-sc-0.8 ml
catosal-sc-1 ml
ziuaIII
dexamethasone-im-0.5 ml
marbocyl-sc 0.8 ml
catosal-sc-1ml
Ziua IV
dexamethasone-im-0.5 ml
marbocyl-sc-0.8 ml
catosal-sc-1 ml
Ziua V
marbocyl-sc-0.8 ml
catosal-sc-1ml
ziua VI
marbocyl-sc-0.8ml
catosal-sc-1ml
ziuaVII
marbocyl-sc-0.8ml
catosal-sc-1ml",,
61291286,2025-12-13,10584159,LINDA,Raul Tatar,,,,,,,
62412646,2025-12-24,10691805,Tomas,Raul Tatar,,,,"traheo bronsita,suspiciune PIF","ziua I
tolfedin -sc-0.8 ml
doxibactin-PO-2 tbl /zi(nu suporta ,hipersalivatie si voma)
catosal -sc-1ml
ziuaII
dexamethasone-im-0.5 ml
marbocyl-sc-0.8 ml
catosal-sc-1 ml
ziuaIII
dexamethasone-im-0.5 ml
marbocyl-sc 0.8 ml
catosal-sc-1ml
Ziua IV
dexamethasone-im-0.5 ml
marbocyl-sc-0.8 ml
catosal-sc-1 ml
Ziua V
marbocyl-sc-0.8 ml
catosal-sc-1ml
ziua VI
marbocyl-sc-0.8ml
catosal-sc-1ml
ziuaVII
marbocyl-sc-0.8ml
catosal-sc-1ml",,
62534647,2025-12-27,10732058,Lessie,Raul Tatar,,Parvoviroza canina,"administrarea in continuare a tratamentului,
administrarea hranei recomandate
dupa doua saptamani inceperea programului de vaccinare",parvoviroza,"Test Cpv=pozitiv
Test CCV-negativ
Test Giardia-negativ
Drotavet
Enroxyl
Catosal
Vetemex
Tratament perfuzabil(NaCl,Ringer Lactat,Glucoza)
Canglob",,
62534647,2025-12-27,10732058,Lessie,Raul Tatar,,parvoviroza,"administrarea in continuare a tratamentului,
administrarea hranei recomandate
dupa doua saptamani inceperea programului de vaccinare",parvoviroza,"Test Cpv=pozitiv
Test CCV-negativ
Test Giardia-negativ
Drotavet
Enroxyl
Catosal
Vetemex
Tratament perfuzabil(NaCl,Ringer Lactat,Glucoza)
Canglob",,
63694385,2026-01-13,10889897,Pisi,Raul Tatar,,Fractura de bazin,,Fractura de bazin dobandita in urma unui traumatism ( accident auto sau lovitura puternica),"Drotavet
Melovem
Clisma
Vetemex
Perfuzie cu NaCl si Glucoza",,"Anamneza:
Proprietarul a gasit pisica vineri, 09.01.2026 in cadrul domiciliului si de cateva zile refuza hrana si mancarea , a consumat doar lapte pe care ulterior l-a vomitat."
63694385,2026-01-13,10889897,Pisi,Raul Tatar,,Retentia fecalelor,,Fractura de bazin dobandita in urma unui traumatism ( accident auto sau lovitura puternica),"Drotavet
Melovem
Clisma
Vetemex
Perfuzie cu NaCl si Glucoza",,"Anamneza:
Proprietarul a gasit pisica vineri, 09.01.2026 in cadrul domiciliului si de cateva zile refuza hrana si mancarea , a consumat doar lapte pe care ulterior l-a vomitat."
63694385,2026-01-13,10889897,Pisi,Raul Tatar,,Anemie,,Fractura de bazin dobandita in urma unui traumatism ( accident auto sau lovitura puternica),"Drotavet
Melovem
Clisma
Vetemex
Perfuzie cu NaCl si Glucoza",,"Anamneza:
Proprietarul a gasit pisica vineri, 09.01.2026 in cadrul domiciliului si de cateva zile refuza hrana si mancarea , a consumat doar lapte pe care ulterior l-a vomitat."
63692871,2026-01-15,10885284,Bruno,Raul Tatar,,,,,,,
63693026,2026-01-15,10885284,Bruno,Raul Tatar,,,,,,,
63693797,2026-01-15,10885284,Bruno,Raul Tatar,,,,,,,
